{"type":"FeatureCollection","features":[{"type":"Feature","properties":{"code":"200035970","name":"CC Vexin Centre","special":false},"geometry":{"type":"Polygon","coordinates":[[[2.039586,49.100071],[2.04028,49.099904],[2.040105,49.099514],[2.039974,49.099341],[2.04097,49.099124],[2.040859,49.098943],[2.040853,49.098805],[2.043668,49.097924],[2.04424,49.097596],[2.044196,49.097465],[2.042963,49.095803],[2.042384,49.095983],[2.041399,49.094732],[2.046586,49.093312],[2.045844,49.091682],[2.047507,49.091348],[2.046343,49.089882],[2.046254,49.089423],[2.046003,49.087529],[2.045679,49.087566],[2.045545,49.087094],[2.045484,49.086765],[2.045053,49.086804],[2.044433,49.085248],[2.043895,49.082686],[2.044515,49.082764],[2.045334,49.082734],[2.04503,49.081621],[2.044803,49.081227],[2.043898,49.079527],[2.042758,49.076764],[2.042507,49.076792],[2.041799,49.076073],[2.040894,49.07512],[2.041417,49.074141],[2.040805,49.073577],[2.039919,49.072575],[2.04012,49.072411],[2.037571,49.069811],[2.037685,49.069646],[2.037562,49.069174],[2.037274,49.068719],[2.037223,49.068512],[2.037275,49.067953],[2.037038,49.067742],[2.03689,49.067763],[2.036665,49.067612],[2.036595,49.067456],[2.036548,49.067124],[2.036361,49.066657],[2.036215,49.06637],[2.035972,49.065725],[2.035861,49.065475],[2.035509,49.064861],[2.035304,49.064466],[2.035088,49.063702],[2.034549,49.062743],[2.033964,49.062943],[2.033179,49.06314],[2.032567,49.063308],[2.032833,49.0635],[2.033095,49.063747],[2.033574,49.064348],[2.033832,49.06475],[2.034275,49.065491],[2.03446,49.065839],[2.031863,49.067299],[2.031344,49.067284],[2.031216,49.066766],[2.031125,49.066645],[2.030461,49.066223],[2.030224,49.065927],[2.029749,49.065499],[2.029603,49.065284],[2.029442,49.064888],[2.029306,49.064705],[2.029211,49.064507],[2.02889,49.064081],[2.028614,49.063789],[2.028508,49.063587],[2.028225,49.063801],[2.028003,49.064139],[2.027728,49.064696],[2.027605,49.064858],[2.027313,49.065057],[2.026997,49.06516],[2.02674,49.06521],[2.026319,49.065381],[2.025905,49.065528],[2.025554,49.065621],[2.024039,49.066108],[2.022815,49.066536],[2.022282,49.0667],[2.022478,49.066851],[2.0233,49.067303],[2.024692,49.068035],[2.025002,49.068208],[2.025604,49.068633],[2.025831,49.068881],[2.026166,49.069344],[2.026289,49.069558],[2.026361,49.069803],[2.026363,49.069988],[2.026296,49.070726],[2.026298,49.071115],[2.026367,49.071382],[2.026478,49.071679],[2.026627,49.07193],[2.027128,49.072469],[2.026341,49.072622],[2.026503,49.07285],[2.026027,49.072869],[2.025455,49.072932],[2.025482,49.073625],[2.026746,49.073635],[2.026725,49.073871],[2.027218,49.073859],[2.027318,49.074024],[2.026945,49.07397],[2.026191,49.073917],[2.025152,49.073951],[2.024202,49.074028],[2.023431,49.074135],[2.022836,49.07428],[2.022325,49.074429],[2.021847,49.074616],[2.021288,49.074857],[2.020991,49.074946],[2.02069,49.074994],[2.020407,49.075116],[2.019884,49.075406],[2.019584,49.07542],[2.019013,49.075651],[2.018869,49.075755],[2.018341,49.076229],[2.017876,49.076497],[2.017591,49.076526],[2.017379,49.076667],[2.017211,49.076734],[2.016954,49.076773],[2.016769,49.076855],[2.016447,49.077072],[2.016033,49.077411],[2.01565,49.077515],[2.015266,49.07758],[2.014822,49.076891],[2.014313,49.076238],[2.013691,49.075607],[2.013571,49.075448],[2.01296,49.074328],[2.012697,49.073739],[2.012978,49.073666],[2.012834,49.073079],[2.012759,49.072521],[2.01275,49.072171],[2.01277,49.071909],[2.012943,49.070616],[2.013043,49.070108],[2.01313,49.069751],[2.013828,49.069562],[2.012396,49.067852],[2.01169,49.066827],[2.011455,49.066885],[2.010562,49.065504],[2.009715,49.065767],[2.009351,49.065543],[2.008775,49.065765],[2.006897,49.065045],[2.005187,49.065107],[2.003895,49.065547],[2.003968,49.065671],[1.999158,49.067501],[1.998041,49.066447],[1.995956,49.064562],[1.995064,49.063636],[1.994796,49.06336],[1.993996,49.062638],[1.993097,49.061789],[1.992458,49.061212],[1.99468,49.060594],[1.994599,49.060457],[1.993755,49.058596],[1.993205,49.057419],[1.992943,49.056891],[1.992891,49.056743],[1.99216,49.055605],[1.992023,49.055412],[1.991372,49.054683],[1.990538,49.053685],[1.989535,49.052548],[1.989279,49.052282],[1.989146,49.052098],[1.988758,49.051667],[1.988191,49.051141],[1.988013,49.050928],[1.987707,49.050325],[1.987615,49.05002],[1.987476,49.049413],[1.987291,49.048677],[1.987125,49.048068],[1.986911,49.047181],[1.985402,49.042114],[1.984284,49.039875],[1.98457,49.03969],[1.985215,49.039321],[1.983605,49.037804],[1.984624,49.037718],[1.984541,49.036589],[1.984552,49.036448],[1.984505,49.035885],[1.984512,49.035546],[1.984283,49.035616],[1.983709,49.03478],[1.982437,49.035222],[1.981851,49.035314],[1.980311,49.035605],[1.978919,49.035704],[1.976663,49.03558],[1.976373,49.035026],[1.97623,49.034714],[1.974297,49.034648],[1.974274,49.034699],[1.973333,49.034743],[1.972838,49.034738],[1.971943,49.034758],[1.971937,49.034646],[1.968198,49.034844],[1.966646,49.03491],[1.964778,49.034892],[1.963479,49.034906],[1.961673,49.034829],[1.960892,49.034806],[1.960813,49.034629],[1.960277,49.03327],[1.960173,49.032791],[1.960292,49.029418],[1.958872,49.028041],[1.958594,49.027725],[1.958409,49.026496],[1.954379,49.025696],[1.954558,49.025428],[1.954857,49.024885],[1.9549,49.024719],[1.954762,49.024729],[1.954401,49.024668],[1.952369,49.024514],[1.951211,49.024469],[1.949524,49.024291],[1.949407,49.025163],[1.949191,49.025867],[1.94869,49.025824],[1.948598,49.026146],[1.948483,49.026341],[1.948473,49.026503],[1.948189,49.026537],[1.947197,49.026594],[1.946441,49.026483],[1.945737,49.026001],[1.945389,49.025703],[1.945105,49.025133],[1.944464,49.023789],[1.943959,49.02394],[1.942939,49.023989],[1.942619,49.02399],[1.942292,49.023926],[1.942032,49.02377],[1.941668,49.02363],[1.941187,49.023508],[1.940714,49.023262],[1.940221,49.022938],[1.939676,49.022533],[1.939244,49.022303],[1.93868,49.022091],[1.938138,49.02192],[1.937885,49.021891],[1.937818,49.021914],[1.93745,49.022225],[1.937025,49.02266],[1.936596,49.023062],[1.936105,49.023601],[1.935321,49.02442],[1.934878,49.024825],[1.934275,49.02562],[1.93445,49.025723],[1.933367,49.026764],[1.933107,49.026688],[1.933045,49.026784],[1.93227,49.027809],[1.931484,49.028453],[1.931234,49.028369],[1.930543,49.029017],[1.930009,49.029461],[1.929878,49.029543],[1.927898,49.031197],[1.927491,49.031552],[1.926694,49.032206],[1.925134,49.033253],[1.923501,49.035043],[1.922982,49.034818],[1.922535,49.035212],[1.92233,49.035048],[1.917998,49.03744],[1.918374,49.037962],[1.918243,49.038068],[1.916491,49.039606],[1.915798,49.039892],[1.914804,49.040352],[1.912319,49.041473],[1.912763,49.042425],[1.912904,49.042798],[1.913204,49.043881],[1.913676,49.04482],[1.914046,49.045641],[1.914132,49.045783],[1.913518,49.045905],[1.913025,49.046074],[1.912576,49.046192],[1.911903,49.046437],[1.910809,49.046935],[1.908804,49.047896],[1.908621,49.048011],[1.90846,49.048181],[1.905719,49.047157],[1.906017,49.046765],[1.906442,49.046258],[1.906587,49.046113],[1.904721,49.045336],[1.903568,49.044847],[1.902917,49.044516],[1.900815,49.043354],[1.901764,49.042212],[1.899884,49.041665],[1.898268,49.041217],[1.896146,49.04061],[1.894849,49.040259],[1.893922,49.040019],[1.892895,49.03977],[1.891289,49.039368],[1.891143,49.039306],[1.891776,49.038874],[1.892477,49.038417],[1.894172,49.03729],[1.893074,49.036951],[1.890773,49.036277],[1.890482,49.036212],[1.888414,49.035823],[1.887632,49.035643],[1.886989,49.03541],[1.886457,49.03518],[1.885775,49.03486],[1.883894,49.034005],[1.883278,49.033709],[1.884556,49.031314],[1.884388,49.031133],[1.884569,49.031048],[1.883889,49.030241],[1.883394,49.02964],[1.883076,49.029231],[1.882268,49.028225],[1.882149,49.027775],[1.881722,49.026062],[1.881647,49.025641],[1.881692,49.025104],[1.881719,49.022895],[1.881737,49.019732],[1.881196,49.019826],[1.880475,49.019925],[1.879864,49.019988],[1.879527,49.01995],[1.879407,49.019907],[1.878913,49.019878],[1.878562,49.019817],[1.877966,49.019583],[1.877551,49.019369],[1.877378,49.019166],[1.876133,49.01795],[1.875636,49.01742],[1.87555,49.017162],[1.87374,49.017843],[1.87206,49.01877],[1.871611,49.01903],[1.87105,49.019312],[1.870535,49.019544],[1.870069,49.0192],[1.869924,49.019064],[1.869691,49.018776],[1.8684,49.017497],[1.867892,49.016691],[1.86763,49.01685],[1.866841,49.016317],[1.863266,49.01466],[1.861384,49.014012],[1.859583,49.013877],[1.859277,49.013843],[1.859273,49.014031],[1.85969,49.014461],[1.86034,49.014991],[1.860473,49.015168],[1.860517,49.015325],[1.860404,49.015773],[1.860315,49.016247],[1.86028,49.016793],[1.860163,49.017251],[1.86045,49.018089],[1.860519,49.018137],[1.861114,49.018336],[1.861339,49.018316],[1.861432,49.018401],[1.861484,49.018742],[1.861562,49.019047],[1.861752,49.01948],[1.861931,49.019674],[1.862166,49.02003],[1.862373,49.020174],[1.862515,49.020208],[1.862792,49.020345],[1.862922,49.020538],[1.862885,49.020709],[1.863268,49.020892],[1.863804,49.021254],[1.863977,49.021337],[1.864797,49.021579],[1.86517,49.021719],[1.865142,49.021793],[1.864932,49.022011],[1.864598,49.022234],[1.863809,49.022598],[1.863353,49.022826],[1.862789,49.023057],[1.862358,49.02318],[1.860875,49.023503],[1.860027,49.023649],[1.85927,49.02383],[1.859594,49.024998],[1.859443,49.025022],[1.859503,49.025522],[1.859688,49.025528],[1.859734,49.025805],[1.859757,49.026429],[1.859725,49.026496],[1.859815,49.027431],[1.85972,49.027976],[1.859469,49.028963],[1.859391,49.029308],[1.859319,49.02992],[1.859229,49.030221],[1.859118,49.030464],[1.858855,49.031385],[1.858793,49.031945],[1.858801,49.032401],[1.858299,49.032417],[1.856963,49.032374],[1.856656,49.032372],[1.855919,49.032419],[1.854999,49.032538],[1.853618,49.032888],[1.852477,49.033164],[1.852157,49.033204],[1.851555,49.033209],[1.851075,49.033293],[1.851538,49.034427],[1.851861,49.035374],[1.852058,49.035339],[1.852594,49.035313],[1.853196,49.035184],[1.853574,49.035123],[1.853992,49.035084],[1.854784,49.035057],[1.855302,49.035072],[1.855335,49.035634],[1.855164,49.035653],[1.855148,49.036626],[1.855536,49.036534],[1.855622,49.036538],[1.855759,49.037637],[1.855889,49.037641],[1.856522,49.038245],[1.856724,49.038602],[1.857581,49.039998],[1.857863,49.040475],[1.859092,49.041566],[1.860416,49.046283],[1.861218,49.049154],[1.861518,49.049678],[1.863724,49.05448],[1.865062,49.057489],[1.864543,49.057629],[1.864158,49.057795],[1.863957,49.057959],[1.863481,49.058393],[1.863381,49.058518],[1.86297,49.058797],[1.862409,49.059215],[1.862253,49.059228],[1.861934,49.059072],[1.86178,49.059081],[1.861157,49.059237],[1.860886,49.059286],[1.860542,49.059391],[1.859826,49.059582],[1.859371,49.05973],[1.859148,49.059784],[1.858444,49.060014],[1.857732,49.060334],[1.856846,49.060821],[1.856786,49.060867],[1.855413,49.061129],[1.855725,49.061438],[1.855375,49.061631],[1.855076,49.061846],[1.854445,49.062109],[1.853939,49.062259],[1.853324,49.062418],[1.851546,49.062839],[1.850452,49.062155],[1.848957,49.06247],[1.848898,49.06188],[1.847365,49.062035],[1.846359,49.061241],[1.844974,49.062134],[1.844691,49.06243],[1.844517,49.062712],[1.844273,49.063236],[1.844047,49.063294],[1.843597,49.063465],[1.843263,49.063572],[1.842859,49.063668],[1.842728,49.063727],[1.842182,49.064075],[1.841915,49.064266],[1.841669,49.064386],[1.840917,49.064598],[1.841349,49.065301],[1.841174,49.066017],[1.840571,49.06934],[1.840187,49.069522],[1.839613,49.069717],[1.8391,49.069767],[1.838745,49.070021],[1.838597,49.070218],[1.838324,49.070449],[1.837521,49.070927],[1.837137,49.071329],[1.83669,49.071707],[1.836295,49.071939],[1.836211,49.071954],[1.835781,49.072215],[1.835452,49.072529],[1.835256,49.072934],[1.835069,49.073217],[1.834753,49.073368],[1.834389,49.073509],[1.832798,49.074002],[1.832171,49.074236],[1.831764,49.074527],[1.831561,49.074649],[1.831217,49.074936],[1.831039,49.075149],[1.830911,49.075188],[1.830292,49.075258],[1.830128,49.075315],[1.829804,49.075618],[1.829436,49.075826],[1.829084,49.076052],[1.82877,49.07622],[1.828483,49.076272],[1.827166,49.076281],[1.825658,49.076307],[1.82445,49.076291],[1.823426,49.076296],[1.822494,49.07829],[1.822325,49.078664],[1.821896,49.079432],[1.821734,49.079797],[1.821168,49.080493],[1.820728,49.081362],[1.820538,49.081785],[1.82057,49.081873],[1.821998,49.082066],[1.82247,49.082108],[1.823505,49.082155],[1.824161,49.082164],[1.825237,49.082204],[1.827965,49.082288],[1.828529,49.082318],[1.828942,49.082377],[1.830071,49.08257],[1.831603,49.08282],[1.83213,49.083241],[1.832727,49.083669],[1.833095,49.084463],[1.833683,49.085946],[1.833931,49.086277],[1.83599,49.087803],[1.836849,49.088482],[1.837491,49.08903],[1.838362,49.090016],[1.839144,49.090916],[1.839998,49.091987],[1.840052,49.091939],[1.840776,49.090854],[1.840989,49.091036],[1.842791,49.092842],[1.843021,49.093102],[1.843891,49.094002],[1.84473,49.094926],[1.844537,49.095093],[1.84381,49.095492],[1.844773,49.096611],[1.844908,49.096791],[1.844469,49.096955],[1.844693,49.097925],[1.844427,49.098072],[1.844132,49.098176],[1.844575,49.099018],[1.845259,49.100368],[1.846186,49.100203],[1.846844,49.100002],[1.847309,49.099831],[1.848557,49.101579],[1.848005,49.102041],[1.84748,49.102423],[1.846916,49.102744],[1.845988,49.10313],[1.845045,49.103396],[1.844197,49.103681],[1.844922,49.104272],[1.844352,49.104287],[1.84373,49.104284],[1.843667,49.105037],[1.84372,49.105525],[1.843127,49.10571],[1.842968,49.105714],[1.842841,49.105785],[1.842675,49.10576],[1.842433,49.10583],[1.842144,49.105755],[1.841762,49.105694],[1.841267,49.105646],[1.841233,49.106444],[1.841272,49.106712],[1.840744,49.10675],[1.840764,49.108137],[1.841199,49.108438],[1.841073,49.108632],[1.840914,49.108714],[1.840317,49.109376],[1.840087,49.109661],[1.839536,49.110198],[1.838863,49.110489],[1.83844,49.110696],[1.837004,49.111445],[1.835752,49.112157],[1.835124,49.112401],[1.834578,49.112667],[1.834567,49.112799],[1.835277,49.114049],[1.835383,49.114156],[1.835409,49.114349],[1.834713,49.114694],[1.834227,49.115073],[1.833504,49.115238],[1.832913,49.115487],[1.831997,49.115604],[1.830996,49.115778],[1.830867,49.11578],[1.829035,49.11617],[1.828491,49.116296],[1.827822,49.116489],[1.827608,49.116587],[1.82903,49.117452],[1.829408,49.117701],[1.82978,49.117975],[1.830021,49.118192],[1.830542,49.118877],[1.830962,49.119394],[1.831621,49.120069],[1.829514,49.1219],[1.831769,49.123753],[1.831286,49.124346],[1.831503,49.12443],[1.831276,49.124867],[1.830954,49.125535],[1.830625,49.125707],[1.833277,49.128329],[1.835089,49.127827],[1.83596,49.128818],[1.836592,49.129492],[1.836689,49.129612],[1.836623,49.129767],[1.835653,49.130155],[1.834131,49.130821],[1.835383,49.132322],[1.837721,49.134785],[1.836628,49.135199],[1.837711,49.136388],[1.837131,49.136668],[1.837806,49.137254],[1.835913,49.138045],[1.835451,49.137432],[1.833882,49.137891],[1.833535,49.139227],[1.834559,49.139093],[1.835121,49.139931],[1.83571,49.140673],[1.837521,49.13993],[1.838273,49.139645],[1.838508,49.139977],[1.83913,49.140897],[1.840843,49.14349],[1.841781,49.144919],[1.837261,49.146216],[1.838214,49.1476],[1.836366,49.14813],[1.836513,49.148268],[1.836654,49.148463],[1.836849,49.14893],[1.837168,49.149786],[1.838342,49.152556],[1.838452,49.152826],[1.834566,49.152898],[1.833879,49.152906],[1.83555,49.15696],[1.837225,49.156947],[1.834624,49.16058],[1.835118,49.160666],[1.834956,49.161232],[1.834561,49.161368],[1.834394,49.16134],[1.833395,49.161286],[1.832797,49.162384],[1.833277,49.162376],[1.833279,49.162925],[1.833114,49.163078],[1.833446,49.163517],[1.833525,49.16369],[1.833591,49.164173],[1.833785,49.164415],[1.834305,49.165173],[1.836422,49.164497],[1.837504,49.165592],[1.838281,49.166414],[1.838432,49.166532],[1.838725,49.166844],[1.838817,49.166807],[1.840101,49.16767],[1.840792,49.168104],[1.842194,49.169009],[1.842305,49.169091],[1.844683,49.170659],[1.845189,49.169964],[1.845705,49.170036],[1.846378,49.170175],[1.848072,49.170463],[1.848893,49.170593],[1.850351,49.170806],[1.850425,49.170839],[1.851032,49.17053],[1.852926,49.171192],[1.8551,49.171944],[1.855179,49.172267],[1.85532,49.17235],[1.85619,49.173126],[1.8568,49.173361],[1.857879,49.172233],[1.856543,49.171998],[1.857195,49.171211],[1.857777,49.17048],[1.858215,49.169962],[1.859117,49.170096],[1.859068,49.170237],[1.859983,49.170405],[1.861717,49.170747],[1.863132,49.171054],[1.864127,49.171285],[1.865219,49.171517],[1.866283,49.171762],[1.867306,49.172046],[1.86782,49.17183],[1.868835,49.172212],[1.869831,49.172596],[1.871639,49.173282],[1.872704,49.17368],[1.873456,49.174083],[1.875801,49.174938],[1.876137,49.175053],[1.876426,49.17292],[1.876703,49.171416],[1.877733,49.170404],[1.878149,49.169985],[1.879596,49.168496],[1.880855,49.167295],[1.8823,49.167953],[1.883529,49.166143],[1.883665,49.166092],[1.88295,49.163184],[1.882953,49.162576],[1.883126,49.162582],[1.883876,49.162662],[1.887438,49.16302],[1.886869,49.16416],[1.88834,49.164498],[1.88831,49.164711],[1.889749,49.165023],[1.890123,49.164114],[1.891554,49.164557],[1.892644,49.164772],[1.894043,49.164944],[1.895108,49.165031],[1.894705,49.166094],[1.896708,49.166507],[1.906013,49.16845],[1.906929,49.168644],[1.906972,49.168608],[1.912343,49.170105],[1.914976,49.170931],[1.915062,49.170891],[1.916253,49.171202],[1.916576,49.171278],[1.918699,49.171666],[1.918987,49.171727],[1.920665,49.172214],[1.921459,49.172378],[1.923828,49.172442],[1.924366,49.1736],[1.924812,49.173538],[1.924966,49.173469],[1.925664,49.173476],[1.925833,49.17339],[1.92639,49.17331],[1.926446,49.173418],[1.927147,49.173566],[1.92831,49.173771],[1.929957,49.17407],[1.931169,49.174257],[1.931916,49.174206],[1.93185,49.174541],[1.931727,49.174789],[1.931454,49.175031],[1.93215,49.175002],[1.932508,49.175011],[1.932688,49.174677],[1.932886,49.174522],[1.933006,49.174383],[1.93331,49.173663],[1.93372,49.173615],[1.933996,49.173465],[1.934369,49.173536],[1.934404,49.17329],[1.934297,49.173116],[1.934303,49.173021],[1.934415,49.172853],[1.934615,49.172694],[1.934747,49.172508],[1.934629,49.172413],[1.93469,49.17221],[1.934922,49.172075],[1.934967,49.171948],[1.934951,49.171775],[1.934757,49.171726],[1.934714,49.171625],[1.934816,49.171203],[1.934697,49.17094],[1.934735,49.170674],[1.934646,49.170544],[1.934781,49.170385],[1.934834,49.170252],[1.934849,49.169956],[1.93519,49.169808],[1.935401,49.169589],[1.93551,49.169648],[1.935582,49.169964],[1.935923,49.169901],[1.936185,49.169913],[1.937012,49.170125],[1.937684,49.170313],[1.938864,49.17061],[1.93941,49.170677],[1.940359,49.170648],[1.940367,49.17068],[1.941222,49.170575],[1.941951,49.170339],[1.942178,49.170168],[1.942325,49.170003],[1.942669,49.170212],[1.943352,49.170666],[1.944075,49.17116],[1.944412,49.171276],[1.944784,49.171337],[1.945083,49.171328],[1.945349,49.171523],[1.946393,49.171247],[1.948058,49.17077],[1.949213,49.170553],[1.949742,49.170478],[1.95246,49.171412],[1.952547,49.171475],[1.953104,49.171606],[1.956071,49.172274],[1.957393,49.172651],[1.957455,49.172683],[1.96002,49.17349],[1.960353,49.173711],[1.960973,49.173978],[1.961961,49.174325],[1.962213,49.174474],[1.962364,49.174601],[1.963691,49.175716],[1.964275,49.176356],[1.964734,49.176926],[1.964986,49.177167],[1.965404,49.17746],[1.96618,49.177877],[1.968166,49.179124],[1.969515,49.180014],[1.970199,49.180411],[1.971041,49.180949],[1.971665,49.181378],[1.971985,49.18176],[1.972374,49.182263],[1.972684,49.182627],[1.973067,49.182928],[1.973308,49.18305],[1.97358,49.183861],[1.974452,49.183587],[1.975131,49.183663],[1.975437,49.183589],[1.976435,49.183298],[1.977051,49.183019],[1.977583,49.182846],[1.977587,49.182728],[1.978616,49.182565],[1.978941,49.18249],[1.979317,49.182285],[1.979889,49.182061],[1.98131,49.18165],[1.982307,49.181591],[1.982538,49.181343],[1.982766,49.180942],[1.983076,49.18032],[1.983195,49.180141],[1.983487,49.179932],[1.983932,49.179768],[1.984238,49.179709],[1.985096,49.179637],[1.98573,49.179557],[1.986588,49.179358],[1.986995,49.179302],[1.987939,49.179018],[1.988898,49.178461],[1.988641,49.177864],[1.989139,49.177571],[1.989316,49.177398],[1.989574,49.177233],[1.989978,49.177008],[1.990863,49.17661],[1.991554,49.176507],[1.992087,49.176404],[1.992178,49.176204],[1.993683,49.176942],[1.995367,49.176997],[1.996204,49.17681],[1.997156,49.176084],[1.998259,49.175992],[1.999346,49.175868],[1.9993,49.175692],[1.999122,49.175406],[1.99968,49.175652],[2,49.175759],[2.001138,49.175778],[2.001541,49.175794],[2.00268,49.176019],[2.002953,49.176161],[2.004743,49.177192],[2.006259,49.178344],[2.00675,49.178607],[2.010773,49.181322],[2.014977,49.184238],[2.017586,49.185986],[2.021066,49.188357],[2.021778,49.188808],[2.025655,49.188827],[2.026443,49.188592],[2.028418,49.187956],[2.030952,49.188424],[2.031353,49.188504],[2.032165,49.188706],[2.03264,49.188887],[2.033009,49.188617],[2.033566,49.188102],[2.034205,49.188618],[2.034436,49.18891],[2.034554,49.18918],[2.034573,49.189405],[2.03463,49.189606],[2.035004,49.190007],[2.035259,49.190204],[2.035671,49.190478],[2.035422,49.190598],[2.035953,49.191107],[2.036236,49.190987],[2.036697,49.19133],[2.037548,49.19185],[2.037998,49.19217],[2.038239,49.192382],[2.038633,49.192531],[2.038528,49.192644],[2.038801,49.192892],[2.039056,49.193091],[2.039441,49.193442],[2.03966,49.193162],[2.041159,49.193716],[2.04281,49.194385],[2.042461,49.194794],[2.042475,49.194851],[2.042998,49.194761],[2.043495,49.194842],[2.044802,49.195607],[2.04493,49.195669],[2.046227,49.196424],[2.04691,49.195936],[2.047,49.195903],[2.047116,49.196673],[2.047265,49.197969],[2.047324,49.19869],[2.04906,49.198735],[2.050119,49.198771],[2.053351,49.198861],[2.055789,49.198937],[2.05604,49.199035],[2.058864,49.200042],[2.062743,49.201414],[2.063326,49.201615],[2.066842,49.202861],[2.067208,49.202961],[2.06994,49.203578],[2.070891,49.203813],[2.072282,49.204138],[2.072507,49.204184],[2.072138,49.20434],[2.072633,49.206183],[2.073543,49.20743],[2.074806,49.208844],[2.077104,49.208743],[2.077263,49.209907],[2.080737,49.210715],[2.080694,49.209797],[2.080544,49.20907],[2.080475,49.208846],[2.080384,49.208696],[2.07924,49.206574],[2.078967,49.205918],[2.080332,49.205822],[2.080686,49.206944],[2.08267,49.206853],[2.082362,49.205658],[2.083431,49.205563],[2.084705,49.205865],[2.087101,49.207728],[2.087918,49.209132],[2.090932,49.208642],[2.09036,49.20606],[2.091372,49.204993],[2.091006,49.203575],[2.090455,49.201687],[2.092184,49.201198],[2.091267,49.199885],[2.090332,49.198229],[2.092526,49.197474],[2.091852,49.196657],[2.092717,49.196251],[2.092653,49.19532],[2.090935,49.195606],[2.088898,49.19615],[2.088999,49.194706],[2.089048,49.193784],[2.090814,49.193815],[2.092276,49.194178],[2.092477,49.193629],[2.092467,49.193407],[2.093624,49.192791],[2.095825,49.191642],[2.095318,49.19011],[2.094477,49.190217],[2.093327,49.190403],[2.0928,49.190415],[2.092253,49.190374],[2.091822,49.190318],[2.091487,49.19032],[2.089855,49.190386],[2.089147,49.190338],[2.089073,49.189981],[2.088897,49.1895],[2.088295,49.187623],[2.08768,49.187704],[2.0875,49.187746],[2.08606,49.187969],[2.085358,49.186936],[2.084004,49.185899],[2.085107,49.185289],[2.085447,49.185065],[2.085337,49.184925],[2.085244,49.184703],[2.084407,49.183136],[2.082709,49.181423],[2.081381,49.180072],[2.078444,49.177344],[2.075499,49.174621],[2.076795,49.174774],[2.07635,49.173321],[2.076226,49.173105],[2.075953,49.172433],[2.075464,49.171283],[2.075098,49.170326],[2.072763,49.169935],[2.072801,49.169801],[2.073115,49.167362],[2.074841,49.165132],[2.075105,49.164241],[2.075101,49.164179],[2.075411,49.163415],[2.075541,49.163162],[2.077366,49.163393],[2.077361,49.162071],[2.078772,49.16206],[2.08081,49.161795],[2.080964,49.162164],[2.081541,49.162792],[2.08279,49.16296],[2.083622,49.162797],[2.087233,49.163195],[2.087231,49.162589],[2.087199,49.161578],[2.087092,49.160551],[2.086264,49.157832],[2.086233,49.157709],[2.085386,49.155236],[2.085363,49.155149],[2.085171,49.153885],[2.084991,49.152607],[2.084907,49.151831],[2.084896,49.151504],[2.084747,49.149548],[2.084709,49.1493],[2.084849,49.148678],[2.084567,49.148661],[2.08437,49.147772],[2.084333,49.14769],[2.083323,49.147726],[2.083106,49.14772],[2.081532,49.147848],[2.080269,49.147024],[2.079971,49.146594],[2.080007,49.146341],[2.080196,49.146116],[2.080576,49.145494],[2.080305,49.145621],[2.079989,49.145349],[2.079821,49.145371],[2.079138,49.145337],[2.078967,49.145296],[2.078482,49.145308],[2.077919,49.145217],[2.077715,49.145499],[2.076524,49.145637],[2.075731,49.145846],[2.07573,49.145737],[2.074303,49.14494],[2.073933,49.144788],[2.073879,49.144967],[2.07266,49.144664],[2.072547,49.144009],[2.071248,49.144145],[2.070427,49.144102],[2.069657,49.14377],[2.069311,49.143653],[2.068938,49.143577],[2.067653,49.14327],[2.067317,49.143368],[2.067287,49.143125],[2.06745,49.143053],[2.06717,49.142991],[2.06728,49.142405],[2.067461,49.142399],[2.067524,49.141718],[2.067423,49.141407],[2.067376,49.140921],[2.06701,49.139932],[2.067005,49.139881],[2.066272,49.138651],[2.066563,49.138514],[2.06645,49.13814],[2.066319,49.137599],[2.066048,49.137162],[2.065996,49.137044],[2.065835,49.136984],[2.065537,49.136946],[2.065193,49.136639],[2.064933,49.13632],[2.064769,49.135968],[2.064803,49.135675],[2.064982,49.135362],[2.065057,49.134917],[2.065051,49.13481],[2.064673,49.134386],[2.064665,49.133029],[2.063975,49.132979],[2.064336,49.131666],[2.063953,49.131448],[2.062368,49.131904],[2.062069,49.131343],[2.061918,49.130899],[2.060977,49.129218],[2.060585,49.129377],[2.059755,49.127932],[2.059579,49.127997],[2.059249,49.127776],[2.058881,49.127649],[2.058667,49.127604],[2.05772,49.127485],[2.057884,49.127288],[2.058184,49.127068],[2.057628,49.126909],[2.05424,49.124996],[2.054006,49.124827],[2.054145,49.124634],[2.052571,49.123792],[2.053106,49.123172],[2.050022,49.121904],[2.05022,49.121494],[2.049449,49.120827],[2.047433,49.121588],[2.047438,49.120228],[2.047408,49.119622],[2.047209,49.118199],[2.04735,49.11809],[2.047472,49.1179],[2.047652,49.117496],[2.047689,49.117161],[2.047634,49.116832],[2.047517,49.116519],[2.047316,49.116142],[2.047018,49.115759],[2.046741,49.115526],[2.050376,49.11555],[2.050605,49.113261],[2.049819,49.113257],[2.049639,49.11322],[2.049633,49.113092],[2.049776,49.112174],[2.049965,49.110877],[2.049958,49.110761],[2.050155,49.109329],[2.047086,49.109121],[2.047067,49.108081],[2.04423,49.108287],[2.044196,49.108203],[2.041862,49.103489],[2.041829,49.103343],[2.041876,49.103126],[2.042117,49.102506],[2.04215,49.102356],[2.042121,49.102144],[2.041874,49.101722],[2.041284,49.101437],[2.039773,49.100922],[2.039586,49.100071]]]}},{"type":"Feature","properties":{"code":"200055655","name":"CA Roissy Pays de France","special":false},"geometry":{"type":"Polygon","coordinates":[[[2.382441,48.971227],[2.382278,48.971236],[2.37872,48.971688],[2.375726,48.972074],[2.372537,48.972369],[2.371702,48.972529],[2.369426,48.972919],[2.368882,48.973034],[2.365966,48.974007],[2.365742,48.974028],[2.365878,48.974327],[2.365731,48.974793],[2.365361,48.975704],[2.364715,48.977335],[2.364354,48.978268],[2.364097,48.978889],[2.364068,48.978962],[2.364234,48.979038],[2.365386,48.980236],[2.365651,48.980612],[2.365828,48.980831],[2.365961,48.98114],[2.366117,48.981435],[2.366419,48.981918],[2.366663,48.982259],[2.367011,48.982809],[2.367137,48.982959],[2.367221,48.983145],[2.367423,48.983389],[2.367651,48.983818],[2.367887,48.984416],[2.367748,48.984547],[2.36768,48.984686],[2.367583,48.985132],[2.367517,48.985661],[2.36747,48.986172],[2.367538,48.986414],[2.367765,48.986817],[2.367896,48.987098],[2.368043,48.987669],[2.368118,48.987887],[2.366531,48.98852],[2.365996,48.988775],[2.366677,48.989472],[2.366071,48.989701],[2.366593,48.990188],[2.36663,48.99024],[2.365213,48.990868],[2.365509,48.99117],[2.36636,48.991902],[2.366522,48.992076],[2.365235,48.993129],[2.365894,48.993384],[2.367338,48.99393],[2.36754,48.99402],[2.368133,48.994238],[2.368852,48.994536],[2.368899,48.994522],[2.369905,48.99495],[2.369938,48.995282],[2.369866,48.995576],[2.369534,48.99625],[2.368531,48.997251],[2.368305,48.997744],[2.368274,48.9979],[2.368288,48.998295],[2.368448,48.998879],[2.36854,48.999083],[2.36854,48.999214],[2.368473,48.99942],[2.368177,49.000046],[2.368053,49.00022],[2.367649,49.000663],[2.367237,49.001164],[2.367061,49.001466],[2.366961,49.00178],[2.366948,49.001994],[2.367034,49.002559],[2.36711,49.002933],[2.367101,49.003345],[2.367003,49.003607],[2.3665,49.004774],[2.366459,49.004942],[2.36633,49.005252],[2.366169,49.005476],[2.366023,49.005763],[2.365884,49.005964],[2.365727,49.006119],[2.365272,49.00646],[2.365023,49.00683],[2.364587,49.007981],[2.364375,49.008438],[2.363966,49.009177],[2.363724,49.00945],[2.363397,49.009571],[2.363048,49.009857],[2.362633,49.010131],[2.362242,49.010429],[2.362084,49.010603],[2.361739,49.011123],[2.361699,49.011265],[2.361662,49.011844],[2.361705,49.012247],[2.36192,49.012951],[2.362111,49.013348],[2.362307,49.013646],[2.362501,49.014055],[2.362583,49.014398],[2.36258,49.014841],[2.362367,49.015337],[2.362074,49.016266],[2.362289,49.01712],[2.362507,49.017841],[2.362757,49.018401],[2.362987,49.019118],[2.363265,49.019657],[2.363402,49.019834],[2.363605,49.019997],[2.363539,49.020058],[2.364008,49.020824],[2.364072,49.021351],[2.363949,49.02188],[2.363901,49.022086],[2.363809,49.022269],[2.363829,49.022551],[2.363991,49.022907],[2.364307,49.023076],[2.364468,49.023396],[2.364943,49.024197],[2.365121,49.024402],[2.365843,49.025165],[2.366333,49.025644],[2.366411,49.025816],[2.366708,49.026166],[2.367203,49.026719],[2.367377,49.026885],[2.36769,49.027234],[2.368665,49.028275],[2.369041,49.028581],[2.370512,49.029616],[2.370787,49.029877],[2.3709,49.030118],[2.371066,49.030385],[2.371121,49.030629],[2.371106,49.03083],[2.370986,49.031021],[2.370922,49.0312],[2.370919,49.031471],[2.370996,49.031696],[2.371497,49.032964],[2.371791,49.033826],[2.371768,49.034197],[2.373148,49.03558],[2.373593,49.036668],[2.373706,49.037013],[2.373953,49.037551],[2.374666,49.037646],[2.375284,49.037782],[2.375492,49.037853],[2.37592,49.038051],[2.376198,49.038139],[2.376917,49.038437],[2.377719,49.038886],[2.378387,49.039238],[2.379059,49.039665],[2.38102,49.040892],[2.381439,49.041145],[2.382213,49.041641],[2.382495,49.041837],[2.382745,49.041977],[2.383073,49.042149],[2.38231,49.042006],[2.381492,49.041876],[2.380294,49.041702],[2.380002,49.041706],[2.379494,49.041768],[2.378116,49.04201],[2.37795,49.04209],[2.378126,49.042546],[2.378399,49.043149],[2.378768,49.043899],[2.378817,49.044129],[2.378703,49.04449],[2.378744,49.044771],[2.378953,49.045183],[2.379422,49.04623],[2.379565,49.046462],[2.379881,49.046685],[2.375778,49.048783],[2.374482,49.050028],[2.372872,49.051588],[2.369657,49.054563],[2.370508,49.055162],[2.37174,49.056084],[2.372005,49.056266],[2.372683,49.057056],[2.373075,49.05814],[2.373852,49.060332],[2.375481,49.063454],[2.38091,49.065877],[2.383544,49.067081],[2.385122,49.067782],[2.386066,49.068217],[2.386432,49.068372],[2.38628,49.067746],[2.385982,49.066992],[2.385774,49.066512],[2.385688,49.066183],[2.387546,49.06676],[2.392812,49.068365],[2.393493,49.06858],[2.394129,49.068911],[2.39602,49.067778],[2.397973,49.066624],[2.399443,49.065735],[2.400719,49.064982],[2.399118,49.063595],[2.400642,49.062652],[2.401594,49.062052],[2.404307,49.059342],[2.407259,49.056359],[2.407533,49.056328],[2.408299,49.056978],[2.40852,49.05718],[2.410832,49.057123],[2.413371,49.057089],[2.413258,49.056195],[2.414683,49.056069],[2.415563,49.056044],[2.415619,49.057727],[2.419471,49.057695],[2.423576,49.05765],[2.42369,49.058479],[2.428962,49.060463],[2.43454,49.062586],[2.436601,49.065065],[2.43743,49.066098],[2.437492,49.066211],[2.438927,49.067896],[2.439724,49.067751],[2.440213,49.067684],[2.441346,49.067624],[2.443157,49.067539],[2.443756,49.067467],[2.444617,49.067279],[2.446021,49.066955],[2.445398,49.065784],[2.445166,49.065447],[2.448323,49.064407],[2.447399,49.063445],[2.448562,49.063089],[2.450103,49.062642],[2.449767,49.061996],[2.450379,49.061808],[2.451744,49.061369],[2.452441,49.061127],[2.452341,49.060548],[2.454246,49.060186],[2.45498,49.060039],[2.457125,49.059704],[2.459267,49.059171],[2.459808,49.059064],[2.460955,49.058768],[2.461274,49.058997],[2.462028,49.059459],[2.462453,49.059701],[2.462864,49.059885],[2.463332,49.060159],[2.463758,49.06047],[2.469986,49.057723],[2.469797,49.057511],[2.470186,49.057333],[2.471542,49.056621],[2.473004,49.055991],[2.473325,49.055886],[2.473646,49.055818],[2.474043,49.055765],[2.474727,49.055697],[2.475555,49.055638],[2.476647,49.055596],[2.481334,49.055368],[2.481685,49.055344],[2.482656,49.055513],[2.479963,49.058838],[2.475199,49.064722],[2.473759,49.066029],[2.472231,49.067865],[2.472079,49.068211],[2.472136,49.068295],[2.472349,49.069988],[2.472375,49.0706],[2.47227,49.07102],[2.472342,49.071063],[2.472628,49.071678],[2.472783,49.071974],[2.473068,49.072287],[2.473473,49.072577],[2.474121,49.072895],[2.47456,49.073196],[2.474766,49.073399],[2.474876,49.073554],[2.475341,49.074418],[2.475668,49.074949],[2.47617,49.075511],[2.476746,49.07608],[2.477307,49.076596],[2.477731,49.076911],[2.478363,49.077336],[2.479476,49.078148],[2.479789,49.078441],[2.480046,49.078889],[2.480341,49.0795],[2.480436,49.079767],[2.480722,49.080339],[2.480984,49.080946],[2.481194,49.081511],[2.481364,49.081922],[2.481524,49.082254],[2.481766,49.082618],[2.48222,49.083411],[2.482786,49.084522],[2.482956,49.084963],[2.483234,49.085931],[2.483516,49.086575],[2.48374,49.087224],[2.48382,49.087502],[2.483872,49.087919],[2.483856,49.088744],[2.483906,49.088923],[2.484052,49.089094],[2.484402,49.089163],[2.485205,49.08923],[2.485921,49.089385],[2.486192,49.089352],[2.486496,49.0894],[2.486736,49.089584],[2.487075,49.089919],[2.487592,49.090375],[2.487716,49.090634],[2.488174,49.091355],[2.48797,49.091411],[2.488953,49.093569],[2.488507,49.093603],[2.488173,49.093711],[2.488052,49.093783],[2.487811,49.094046],[2.487666,49.094308],[2.48728,49.094249],[2.487144,49.094332],[2.486833,49.094335],[2.485758,49.094489],[2.485634,49.094489],[2.485222,49.094311],[2.485041,49.094342],[2.484657,49.094331],[2.484148,49.094351],[2.483853,49.094388],[2.483818,49.094495],[2.483448,49.09454],[2.482871,49.094574],[2.482642,49.094497],[2.482172,49.094499],[2.481079,49.09469],[2.48092,49.094591],[2.480748,49.09455],[2.480515,49.094643],[2.48038,49.094635],[2.480269,49.094478],[2.480301,49.094359],[2.480124,49.094358],[2.479747,49.094256],[2.479461,49.094101],[2.479266,49.094049],[2.479227,49.094129],[2.478545,49.094099],[2.478253,49.094246],[2.478209,49.095768],[2.477816,49.095796],[2.477816,49.096042],[2.477979,49.09652],[2.478111,49.096971],[2.478341,49.09695],[2.478394,49.097176],[2.477436,49.097227],[2.477939,49.098248],[2.478274,49.099029],[2.478424,49.099469],[2.478505,49.099633],[2.478702,49.100174],[2.478349,49.100217],[2.478161,49.100279],[2.478944,49.102372],[2.479625,49.103655],[2.47972,49.104002],[2.479787,49.104437],[2.479928,49.105042],[2.480286,49.106234],[2.481749,49.106439],[2.483212,49.106704],[2.484011,49.106878],[2.48409,49.107008],[2.484634,49.106996],[2.48645,49.106833],[2.488208,49.106652],[2.489079,49.106508],[2.489877,49.106317],[2.490068,49.106246],[2.491012,49.106145],[2.491652,49.106026],[2.493842,49.105515],[2.494919,49.105425],[2.495583,49.105382],[2.496651,49.105203],[2.49807,49.105072],[2.498992,49.104909],[2.499061,49.104838],[2.499085,49.104479],[2.500067,49.104483],[2.502656,49.104092],[2.503903,49.103899],[2.504651,49.103813],[2.505049,49.103755],[2.506127,49.103732],[2.507073,49.103842],[2.507822,49.103626],[2.508095,49.103581],[2.508788,49.103535],[2.509805,49.103585],[2.510046,49.103723],[2.510387,49.104295],[2.511632,49.104051],[2.512867,49.103767],[2.514181,49.103485],[2.514833,49.103351],[2.51583,49.103091],[2.516247,49.10293],[2.517108,49.10274],[2.517812,49.102573],[2.520145,49.102003],[2.52133,49.101752],[2.52335,49.101371],[2.525118,49.101021],[2.525457,49.100929],[2.52678,49.100876],[2.526986,49.100848],[2.527298,49.100754],[2.528213,49.100401],[2.529788,49.099919],[2.531263,49.099458],[2.531811,49.105446],[2.532045,49.108305],[2.53216,49.109547],[2.532356,49.112076],[2.532506,49.113555],[2.532774,49.117119],[2.532832,49.118106],[2.532936,49.119143],[2.532963,49.119509],[2.534271,49.119536],[2.534605,49.11959],[2.534744,49.119659],[2.534859,49.119642],[2.536202,49.119949],[2.53675,49.120114],[2.537909,49.121335],[2.538524,49.121762],[2.538583,49.121737],[2.539041,49.121835],[2.540461,49.122027],[2.540757,49.122078],[2.54207,49.122248],[2.542161,49.12222],[2.544063,49.121272],[2.543981,49.120104],[2.542414,49.119296],[2.541205,49.119284],[2.539114,49.119344],[2.537735,49.117795],[2.537727,49.117677],[2.539296,49.117558],[2.539556,49.11644],[2.540502,49.116523],[2.541608,49.116638],[2.542392,49.116569],[2.543909,49.116458],[2.545357,49.11638],[2.547031,49.116362],[2.547127,49.116379],[2.547107,49.117019],[2.547134,49.117137],[2.547345,49.117595],[2.547442,49.117854],[2.547691,49.118801],[2.547699,49.119577],[2.547679,49.120346],[2.548773,49.121473],[2.549226,49.121884],[2.549913,49.122552],[2.551144,49.1231],[2.551552,49.123304],[2.553315,49.124562],[2.554723,49.124274],[2.555734,49.124074],[2.556352,49.123964],[2.556944,49.123733],[2.556998,49.123426],[2.556999,49.121851],[2.556863,49.121338],[2.556223,49.119039],[2.556024,49.118563],[2.555695,49.11811],[2.555446,49.117805],[2.555942,49.117651],[2.555112,49.116811],[2.55501,49.116726],[2.553912,49.115253],[2.553604,49.114831],[2.552953,49.113978],[2.552397,49.114083],[2.551968,49.113011],[2.551751,49.112426],[2.552321,49.111941],[2.552535,49.111619],[2.552716,49.111405],[2.552922,49.111066],[2.553428,49.110527],[2.554924,49.109443],[2.555474,49.109054],[2.555951,49.109375],[2.556928,49.106878],[2.556779,49.106857],[2.557191,49.105902],[2.557531,49.105399],[2.557632,49.105148],[2.557816,49.104582],[2.557929,49.104281],[2.557928,49.103352],[2.557944,49.102854],[2.557673,49.102258],[2.55909,49.101998],[2.55878,49.101554],[2.558817,49.101483],[2.557604,49.100975],[2.558098,49.100351],[2.55753,49.100225],[2.557885,49.099746],[2.558502,49.099147],[2.557933,49.09872],[2.559592,49.097537],[2.55991,49.097772],[2.560376,49.097408],[2.560339,49.097357],[2.560893,49.096994],[2.562353,49.097776],[2.563415,49.097138],[2.563958,49.096574],[2.564262,49.096298],[2.564964,49.095266],[2.56522,49.094859],[2.56702,49.094087],[2.567899,49.094757],[2.568974,49.094323],[2.569252,49.094646],[2.569585,49.09494],[2.570441,49.094567],[2.571016,49.095127],[2.5711,49.095111],[2.572718,49.094427],[2.57293,49.094283],[2.572138,49.093376],[2.573504,49.093434],[2.573828,49.093459],[2.57435,49.09343],[2.574655,49.093375],[2.575068,49.093174],[2.57625,49.092773],[2.576544,49.092639],[2.576977,49.092626],[2.577091,49.0926],[2.577631,49.092361],[2.578082,49.092142],[2.578584,49.091982],[2.578718,49.091735],[2.578934,49.091593],[2.579115,49.091559],[2.578967,49.091414],[2.578828,49.091184],[2.578904,49.09107],[2.579167,49.090807],[2.579063,49.090755],[2.580135,49.089843],[2.57973,49.089504],[2.578347,49.088322],[2.577743,49.087819],[2.579813,49.086794],[2.580179,49.086774],[2.580433,49.086697],[2.580077,49.086318],[2.579297,49.085688],[2.579219,49.084941],[2.578896,49.0844],[2.579034,49.084361],[2.578899,49.084253],[2.580219,49.083831],[2.580468,49.083722],[2.580661,49.083523],[2.581735,49.083092],[2.582693,49.082447],[2.582976,49.080665],[2.583357,49.080751],[2.583559,49.079825],[2.584698,49.079935],[2.584668,49.080374],[2.58641,49.080547],[2.586614,49.079832],[2.590246,49.080035],[2.590299,49.079904],[2.590584,49.080017],[2.593323,49.080881],[2.595437,49.081615],[2.59605,49.081811],[2.597396,49.081549],[2.597779,49.082032],[2.598288,49.082638],[2.598817,49.083145],[2.599446,49.083691],[2.599746,49.083992],[2.600048,49.084236],[2.600328,49.084427],[2.600581,49.084566],[2.601363,49.084915],[2.601907,49.085201],[2.602733,49.085591],[2.602874,49.08567],[2.603647,49.086283],[2.604846,49.087128],[2.605274,49.087463],[2.60556,49.087735],[2.606163,49.088413],[2.606326,49.088619],[2.607,49.089105],[2.60722,49.089283],[2.607569,49.089689],[2.608294,49.090599],[2.608558,49.090868],[2.608785,49.091138],[2.609149,49.09165],[2.609825,49.092377],[2.61021,49.092885],[2.610364,49.093204],[2.610426,49.093473],[2.610232,49.094327],[2.610051,49.094969],[2.610534,49.094849],[2.611289,49.094683],[2.611795,49.094588],[2.61232,49.094566],[2.613048,49.09458],[2.61321,49.094558],[2.61377,49.094409],[2.614695,49.094122],[2.615326,49.09395],[2.615483,49.093921],[2.616075,49.093889],[2.616707,49.093923],[2.617044,49.093991],[2.617489,49.094122],[2.618033,49.094367],[2.618343,49.094524],[2.618708,49.094809],[2.618849,49.09481],[2.61938,49.094629],[2.620081,49.095275],[2.620377,49.095213],[2.621562,49.094919],[2.62209,49.094797],[2.62298,49.095919],[2.623162,49.096224],[2.623492,49.096982],[2.623799,49.097564],[2.623925,49.097772],[2.624099,49.097945],[2.624377,49.097889],[2.624694,49.098204],[2.624722,49.098327],[2.624989,49.099],[2.624933,49.099266],[2.62479,49.099502],[2.624404,49.099712],[2.624935,49.09995],[2.625126,49.100128],[2.624741,49.100271],[2.624206,49.100592],[2.625299,49.100946],[2.626186,49.101128],[2.626901,49.101408],[2.627691,49.101842],[2.627121,49.102505],[2.628987,49.102579],[2.629158,49.102812],[2.630216,49.102498],[2.63075,49.102789],[2.630994,49.103037],[2.630579,49.103215],[2.630924,49.103601],[2.631176,49.103915],[2.631776,49.104717],[2.632043,49.105358],[2.632068,49.1055],[2.63186,49.106564],[2.631864,49.106586],[2.632555,49.107598],[2.633118,49.108396],[2.633229,49.108573],[2.633702,49.108543],[2.633912,49.1086],[2.634898,49.107716],[2.635475,49.107168],[2.636538,49.107162],[2.636376,49.106655],[2.636116,49.106236],[2.635426,49.104984],[2.635182,49.104695],[2.635656,49.104294],[2.636506,49.103596],[2.636485,49.103547],[2.635428,49.101986],[2.638429,49.101493],[2.640815,49.101089],[2.640864,49.100948],[2.640997,49.1001],[2.641123,49.099115],[2.641179,49.099087],[2.642318,49.099372],[2.642643,49.099288],[2.64588,49.100085],[2.645864,49.100179],[2.649274,49.100692],[2.650478,49.10087],[2.651694,49.100027],[2.652065,49.099867],[2.652616,49.099777],[2.653026,49.099683],[2.653404,49.099541],[2.65388,49.099315],[2.654442,49.098924],[2.655184,49.098324],[2.656204,49.098559],[2.656785,49.098011],[2.657399,49.097504],[2.657673,49.097046],[2.65864,49.096032],[2.661332,49.096772],[2.661967,49.095812],[2.662542,49.094532],[2.662932,49.093554],[2.664151,49.093417],[2.665941,49.093082],[2.66765,49.092616],[2.668846,49.092281],[2.671223,49.091674],[2.671143,49.091305],[2.671291,49.091135],[2.67173,49.091082],[2.672809,49.091043],[2.673145,49.091091],[2.675035,49.089842],[2.676385,49.088943],[2.677533,49.08819],[2.677568,49.088142],[2.677665,49.087644],[2.677816,49.087092],[2.677845,49.08683],[2.677897,49.086666],[2.677909,49.086142],[2.678064,49.086018],[2.678155,49.086082],[2.678771,49.085581],[2.681468,49.083406],[2.683183,49.082018],[2.686192,49.080214],[2.692888,49.076188],[2.692884,49.076157],[2.693402,49.076075],[2.6937,49.075945],[2.694105,49.075542],[2.694451,49.075351],[2.695039,49.074999],[2.694714,49.074579],[2.694335,49.074174],[2.692723,49.072659],[2.691896,49.071847],[2.691804,49.071714],[2.69132,49.0709],[2.691088,49.070589],[2.690654,49.070074],[2.690527,49.069879],[2.689711,49.068065],[2.689636,49.067756],[2.689721,49.067565],[2.690936,49.066657],[2.691012,49.066585],[2.691997,49.066568],[2.69204,49.066525],[2.694116,49.065945],[2.695903,49.065451],[2.695802,49.064555],[2.696113,49.064693],[2.69833,49.06447],[2.700372,49.064828],[2.70189,49.064809],[2.702317,49.064811],[2.703048,49.064781],[2.704343,49.064905],[2.706185,49.065309],[2.709129,49.067711],[2.712169,49.069189],[2.713167,49.069729],[2.713279,49.069482],[2.714142,49.070092],[2.714846,49.070694],[2.71522,49.071186],[2.715403,49.071131],[2.71584,49.071618],[2.717943,49.073013],[2.71862,49.073517],[2.718642,49.073509],[2.719993,49.074725],[2.720965,49.075149],[2.720933,49.076349],[2.720542,49.076506],[2.720261,49.076722],[2.720168,49.07685],[2.720072,49.078043],[2.719791,49.078484],[2.719796,49.078798],[2.719856,49.078986],[2.720077,49.079224],[2.720325,49.079591],[2.720925,49.079755],[2.722176,49.080114],[2.724119,49.080664],[2.724182,49.080672],[2.72412,49.079947],[2.723997,49.078239],[2.724594,49.076566],[2.724934,49.075636],[2.725251,49.075581],[2.725779,49.075353],[2.726004,49.0753],[2.726245,49.075295],[2.727315,49.075236],[2.727623,49.075231],[2.728032,49.075288],[2.728809,49.075184],[2.729025,49.075138],[2.729173,49.075061],[2.729759,49.075035],[2.729825,49.074997],[2.729987,49.074228],[2.730437,49.073587],[2.730505,49.073415],[2.730428,49.07336],[2.730357,49.073191],[2.730519,49.072704],[2.730582,49.072567],[2.730884,49.072118],[2.731358,49.071896],[2.731653,49.071695],[2.731717,49.071433],[2.731977,49.070745],[2.732199,49.070616],[2.732312,49.07046],[2.73227,49.070171],[2.7321,49.06989],[2.73204,49.06963],[2.732334,49.069406],[2.732377,49.069204],[2.732156,49.068831],[2.732068,49.068736],[2.731807,49.068658],[2.731671,49.068436],[2.731702,49.068207],[2.732351,49.068219],[2.733021,49.067283],[2.73265,49.06626],[2.732949,49.065568],[2.732719,49.064334],[2.732743,49.06409],[2.732874,49.063659],[2.733003,49.063355],[2.733122,49.062762],[2.73369,49.061877],[2.733916,49.061454],[2.734464,49.060694],[2.734606,49.060526],[2.734823,49.060527],[2.734721,49.06017],[2.73407,49.058018],[2.733903,49.057486],[2.733673,49.057597],[2.732639,49.057928],[2.731535,49.058292],[2.730359,49.058689],[2.729222,49.059135],[2.72721,49.05612],[2.725089,49.052927],[2.722052,49.053607],[2.720431,49.053982],[2.72007,49.054055],[2.716267,49.054903],[2.716065,49.05495],[2.715775,49.054408],[2.715497,49.053969],[2.715353,49.053792],[2.714731,49.05359],[2.71495,49.053035],[2.716169,49.052677],[2.715011,49.050779],[2.717005,49.049454],[2.717146,49.049355],[2.717681,49.048624],[2.718029,49.048349],[2.717986,49.048106],[2.719117,49.047781],[2.718596,49.047499],[2.716903,49.047251],[2.716323,49.047127],[2.716246,49.046591],[2.716156,49.04542],[2.716206,49.04526],[2.716722,49.045139],[2.717278,49.044601],[2.717324,49.044536],[2.717915,49.043311],[2.718498,49.042073],[2.718163,49.040666],[2.718283,49.040615],[2.718647,49.040561],[2.719039,49.04039],[2.720518,49.039699],[2.720691,49.039633],[2.72252,49.039078],[2.722628,49.038986],[2.722441,49.038535],[2.722366,49.037726],[2.722149,49.037336],[2.722019,49.036852],[2.721945,49.03633],[2.721687,49.035343],[2.721499,49.034587],[2.723432,49.034409],[2.723564,49.034408],[2.725481,49.034239],[2.725913,49.034189],[2.726302,49.034031],[2.727088,49.033869],[2.727455,49.033809],[2.728383,49.033974],[2.72853,49.033963],[2.729473,49.03383],[2.729953,49.033805],[2.730103,49.033372],[2.730238,49.033065],[2.730389,49.032832],[2.730556,49.032371],[2.730644,49.031767],[2.730675,49.031756],[2.730746,49.031082],[2.730739,49.030738],[2.731091,49.02981],[2.731417,49.028924],[2.730669,49.028811],[2.730859,49.028236],[2.730907,49.028141],[2.730756,49.027826],[2.730703,49.02748],[2.730775,49.027468],[2.731084,49.026241],[2.730883,49.02551],[2.730634,49.024987],[2.730089,49.024545],[2.72976,49.024251],[2.728758,49.023325],[2.728376,49.023387],[2.727015,49.023829],[2.72504,49.023909],[2.722647,49.021151],[2.722184,49.0206],[2.723418,49.020225],[2.722345,49.018519],[2.722008,49.017508],[2.720889,49.017391],[2.720848,49.017289],[2.720462,49.016579],[2.720246,49.016206],[2.720076,49.016008],[2.719445,49.015361],[2.718694,49.015237],[2.718291,49.015188],[2.717874,49.015165],[2.717014,49.015151],[2.717009,49.014888],[2.71689,49.014571],[2.716717,49.013986],[2.716634,49.01346],[2.716557,49.013081],[2.716424,49.012578],[2.716221,49.012205],[2.715938,49.011754],[2.715512,49.011115],[2.715035,49.010355],[2.714088,49.008891],[2.713885,49.008642],[2.713571,49.008327],[2.712827,49.007628],[2.712504,49.007258],[2.712333,49.007105],[2.712091,49.006819],[2.707824,49.007279],[2.70768,49.007314],[2.706301,49.007379],[2.705722,49.007425],[2.704885,49.007541],[2.704619,49.007628],[2.704147,49.007841],[2.703895,49.007613],[2.703952,49.00752],[2.703886,49.007282],[2.703038,49.007315],[2.702726,49.00737],[2.699993,49.007578],[2.699968,49.007704],[2.695991,49.008995],[2.694801,49.009387],[2.693556,49.00979],[2.693075,49.00991],[2.68953,49.010638],[2.686788,49.011186],[2.684358,49.011686],[2.683389,49.011891],[2.682905,49.011228],[2.682325,49.010551],[2.682074,49.010639],[2.681192,49.009479],[2.680595,49.008751],[2.680357,49.008587],[2.680382,49.008072],[2.68043,49.008094],[2.680658,49.007462],[2.68126,49.006082],[2.681616,49.005338],[2.681993,49.004487],[2.682576,49.003419],[2.682724,49.003114],[2.682808,49.002866],[2.683248,49.002058],[2.683785,48.999484],[2.685212,48.99811],[2.685757,48.997577],[2.685866,48.997014],[2.686101,48.99567],[2.686188,48.995124],[2.686262,48.994848],[2.686839,48.992992],[2.685522,48.9923],[2.684913,48.992004],[2.685122,48.991677],[2.685497,48.99117],[2.685749,48.990868],[2.686275,48.990391],[2.686908,48.989949],[2.688076,48.989225],[2.688512,48.988937],[2.689648,48.988251],[2.690976,48.987501],[2.691876,48.986988],[2.692455,48.986771],[2.692339,48.986717],[2.691947,48.986628],[2.691427,48.986463],[2.691166,48.986416],[2.690187,48.986035],[2.689968,48.985917],[2.689771,48.98591],[2.689335,48.985955],[2.688793,48.98569],[2.688326,48.985306],[2.688174,48.985278],[2.687793,48.985013],[2.687335,48.984996],[2.687154,48.984894],[2.68687,48.984914],[2.686636,48.984983],[2.686504,48.984898],[2.686269,48.984909],[2.686145,48.984997],[2.685891,48.984996],[2.685753,48.985192],[2.685642,48.985231],[2.685155,48.985163],[2.684994,48.985094],[2.684765,48.98507],[2.684341,48.984884],[2.684284,48.985043],[2.684183,48.985047],[2.683872,48.984866],[2.68376,48.984856],[2.683433,48.984718],[2.682944,48.984676],[2.682529,48.984551],[2.682219,48.984436],[2.681782,48.98446],[2.681639,48.984568],[2.68155,48.98456],[2.681352,48.984417],[2.681079,48.984364],[2.680728,48.984236],[2.679987,48.984201],[2.679743,48.984122],[2.679634,48.984043],[2.679418,48.984006],[2.678967,48.983997],[2.67882,48.984123],[2.678649,48.984194],[2.678524,48.984177],[2.6784,48.984063],[2.678266,48.984044],[2.678048,48.984131],[2.677767,48.98411],[2.677593,48.984169],[2.677312,48.984118],[2.677182,48.984144],[2.67698,48.984303],[2.676856,48.984277],[2.676813,48.984133],[2.676482,48.984216],[2.676357,48.9843],[2.676205,48.984153],[2.676065,48.984154],[2.67594,48.984338],[2.675834,48.984319],[2.675804,48.984157],[2.6756,48.984232],[2.67545,48.98413],[2.675178,48.984213],[2.675088,48.984099],[2.674969,48.984108],[2.674728,48.983818],[2.674831,48.983664],[2.67522,48.983498],[2.675547,48.98326],[2.675791,48.982911],[2.675948,48.982626],[2.675963,48.982282],[2.67606,48.982044],[2.676081,48.981531],[2.676037,48.981269],[2.676122,48.981052],[2.676118,48.979992],[2.676072,48.979739],[2.675908,48.979635],[2.675658,48.979827],[2.675389,48.98008],[2.675145,48.980192],[2.67494,48.980176],[2.674797,48.980224],[2.674599,48.980385],[2.674239,48.980423],[2.673466,48.979947],[2.673529,48.979841],[2.673711,48.979748],[2.673732,48.979633],[2.67392,48.979513],[2.674061,48.979238],[2.67406,48.979128],[2.673934,48.979087],[2.674048,48.978972],[2.67428,48.97896],[2.674494,48.978886],[2.6745,48.978797],[2.674386,48.978612],[2.674003,48.978442],[2.673785,48.978224],[2.673561,48.97795],[2.673748,48.977996],[2.673519,48.977177],[2.673234,48.976959],[2.672877,48.976782],[2.672089,48.976483],[2.672474,48.976167],[2.672736,48.97592],[2.6729,48.97592],[2.673436,48.975703],[2.673484,48.975645],[2.673551,48.975353],[2.673628,48.975168],[2.674005,48.974919],[2.6743,48.974445],[2.67447,48.974355],[2.674792,48.974383],[2.675102,48.974154],[2.675451,48.974081],[2.675611,48.973834],[2.675949,48.973743],[2.675958,48.973664],[2.675776,48.973423],[2.675029,48.973403],[2.675164,48.973198],[2.674766,48.973147],[2.673192,48.972991],[2.673113,48.972892],[2.673268,48.972115],[2.673333,48.971869],[2.673418,48.97173],[2.673333,48.971335],[2.673333,48.97114],[2.673268,48.970907],[2.67341,48.970662],[2.673647,48.97056],[2.673788,48.970452],[2.67391,48.970445],[2.674101,48.970692],[2.674204,48.970762],[2.674622,48.970799],[2.674788,48.970635],[2.674918,48.970628],[2.675092,48.970529],[2.675247,48.970534],[2.675396,48.970469],[2.67587,48.970446],[2.676223,48.970359],[2.676308,48.970266],[2.676605,48.970271],[2.67681,48.970332],[2.676844,48.97014],[2.676993,48.96993],[2.676983,48.969821],[2.677292,48.969778],[2.677335,48.96968],[2.677519,48.969676],[2.677597,48.969532],[2.677425,48.969387],[2.677729,48.969343],[2.677885,48.969282],[2.678048,48.969061],[2.678025,48.968912],[2.677716,48.968574],[2.677357,48.968528],[2.677188,48.968324],[2.676942,48.968325],[2.676749,48.968372],[2.676537,48.968156],[2.676243,48.967939],[2.675917,48.96796],[2.67561,48.967745],[2.675516,48.967051],[2.675123,48.966863],[2.675109,48.966811],[2.675372,48.966604],[2.675434,48.966384],[2.675772,48.966151],[2.675929,48.965947],[2.676102,48.965835],[2.676271,48.965648],[2.676615,48.965374],[2.676783,48.965269],[2.677003,48.965463],[2.677433,48.965681],[2.677657,48.965753],[2.677781,48.965627],[2.677622,48.965376],[2.677063,48.965049],[2.676944,48.964938],[2.677123,48.964796],[2.677117,48.964668],[2.677376,48.964299],[2.67728,48.964196],[2.677365,48.964094],[2.677623,48.963986],[2.677577,48.963745],[2.677276,48.963507],[2.677264,48.963441],[2.677087,48.963396],[2.677181,48.963233],[2.676983,48.963054],[2.677191,48.962955],[2.677104,48.962834],[2.677204,48.962757],[2.677077,48.962615],[2.677034,48.962432],[2.676753,48.962356],[2.676587,48.962184],[2.676491,48.962145],[2.676319,48.962183],[2.676152,48.961951],[2.675951,48.961871],[2.675806,48.961706],[2.675615,48.961676],[2.675473,48.961844],[2.675187,48.961782],[2.67503,48.961675],[2.674851,48.961643],[2.674798,48.961522],[2.674574,48.961494],[2.674631,48.961292],[2.674394,48.961207],[2.674227,48.961013],[2.674209,48.960589],[2.674249,48.960191],[2.674389,48.959823],[2.674344,48.959614],[2.674365,48.959481],[2.674508,48.959328],[2.674583,48.958979],[2.674499,48.958883],[2.674561,48.958772],[2.674528,48.958546],[2.674618,48.958385],[2.674635,48.958205],[2.674726,48.957952],[2.674605,48.957863],[2.674635,48.957382],[2.674582,48.956936],[2.674637,48.956695],[2.674594,48.956675],[2.674794,48.956716],[2.675105,48.956721],[2.675185,48.956389],[2.67526,48.956324],[2.675319,48.956023],[2.675123,48.955728],[2.675196,48.955611],[2.675,48.955281],[2.674798,48.955173],[2.674892,48.955104],[2.674812,48.95492],[2.674974,48.954874],[2.674957,48.954746],[2.674778,48.954576],[2.674723,48.954453],[2.674883,48.954356],[2.675016,48.954369],[2.675333,48.954315],[2.675527,48.954416],[2.675845,48.954478],[2.675976,48.954122],[2.676178,48.953698],[2.676263,48.953582],[2.676388,48.953306],[2.676508,48.95315],[2.676878,48.952899],[2.677471,48.952646],[2.678094,48.952351],[2.67875,48.952201],[2.679272,48.952191],[2.679953,48.952206],[2.680358,48.952198],[2.681226,48.952151],[2.681548,48.952194],[2.682292,48.952244],[2.682267,48.95251],[2.682855,48.9525],[2.683396,48.952454],[2.687061,48.95202],[2.687293,48.95232],[2.687034,48.952397],[2.688936,48.956245],[2.690182,48.95597],[2.690724,48.955571],[2.692017,48.955219],[2.692252,48.955327],[2.695121,48.954501],[2.695596,48.95509],[2.700038,48.954059],[2.70057,48.953905],[2.701237,48.953745],[2.702161,48.95365],[2.703861,48.953582],[2.704988,48.953609],[2.706982,48.953686],[2.70737,48.953675],[2.707738,48.953882],[2.709104,48.95391],[2.710395,48.954253],[2.711321,48.954486],[2.712316,48.954841],[2.713496,48.955342],[2.71497,48.95594],[2.716149,48.956624],[2.717161,48.957293],[2.717988,48.957963],[2.718466,48.958402],[2.719022,48.958682],[2.719958,48.959098],[2.720586,48.959364],[2.722142,48.959942],[2.723139,48.960215],[2.723406,48.960268],[2.724539,48.960447],[2.724542,48.960367],[2.724364,48.959154],[2.724246,48.958253],[2.724046,48.95835],[2.722955,48.957459],[2.724821,48.956383],[2.723521,48.9544],[2.723148,48.953426],[2.721417,48.953793],[2.720466,48.951332],[2.72041,48.951136],[2.720191,48.950191],[2.720916,48.950141],[2.720645,48.948305],[2.720518,48.94748],[2.720463,48.947037],[2.720388,48.946587],[2.716656,48.946251],[2.715581,48.946149],[2.715239,48.946125],[2.713165,48.946216],[2.713384,48.944964],[2.71345,48.944647],[2.713658,48.943465],[2.713214,48.943365],[2.712912,48.943344],[2.711986,48.943362],[2.71201,48.943301],[2.711469,48.942433],[2.7114,48.942341],[2.710746,48.942206],[2.710579,48.942197],[2.710358,48.942373],[2.710139,48.941963],[2.710071,48.94192],[2.710079,48.94171],[2.709959,48.941465],[2.709579,48.940536],[2.709525,48.940378],[2.709122,48.940493],[2.708767,48.940661],[2.708303,48.940955],[2.707512,48.941307],[2.707342,48.941353],[2.70681,48.941384],[2.706672,48.942092],[2.706412,48.942866],[2.706291,48.943145],[2.706163,48.943335],[2.705925,48.942971],[2.705489,48.942894],[2.704426,48.941047],[2.702148,48.938082],[2.701863,48.938171],[2.701601,48.938175],[2.698892,48.93935],[2.698863,48.9393],[2.698379,48.939538],[2.698119,48.939645],[2.697981,48.939383],[2.697335,48.938225],[2.697039,48.937721],[2.69667,48.936596],[2.69638,48.935794],[2.695815,48.934197],[2.695635,48.933704],[2.695684,48.93369],[2.695515,48.933156],[2.694557,48.930838],[2.694147,48.929872],[2.694044,48.930169],[2.693798,48.930645],[2.69353,48.930969],[2.693378,48.931016],[2.692515,48.931894],[2.691987,48.932552],[2.691943,48.932531],[2.689185,48.929465],[2.688535,48.929469],[2.688111,48.929455],[2.687552,48.929407],[2.687184,48.929352],[2.686368,48.929202],[2.685745,48.929169],[2.684912,48.929181],[2.684399,48.929212],[2.684591,48.928515],[2.684664,48.928042],[2.684683,48.927318],[2.684589,48.926972],[2.68426,48.926612],[2.6837,48.926143],[2.683319,48.925645],[2.683142,48.925468],[2.683778,48.925096],[2.682971,48.924505],[2.682338,48.924943],[2.682218,48.924906],[2.681868,48.924636],[2.681641,48.924508],[2.681426,48.924299],[2.681229,48.924236],[2.680797,48.924171],[2.680295,48.924039],[2.678846,48.924757],[2.679112,48.925001],[2.680312,48.926193],[2.67903,48.926555],[2.677662,48.926828],[2.676469,48.927038],[2.67555,48.927121],[2.675044,48.927103],[2.674934,48.927076],[2.674564,48.926904],[2.673699,48.926602],[2.672975,48.926328],[2.672496,48.925989],[2.672219,48.925849],[2.672186,48.925788],[2.672466,48.9252],[2.672625,48.924639],[2.672947,48.923982],[2.671062,48.923191],[2.670726,48.92322],[2.669744,48.923114],[2.669372,48.923021],[2.669589,48.922334],[2.669356,48.922157],[2.668937,48.921956],[2.668642,48.921781],[2.668471,48.921651],[2.668262,48.921574],[2.667994,48.921541],[2.667835,48.921614],[2.667618,48.921623],[2.667824,48.922219],[2.667967,48.922566],[2.667733,48.92257],[2.667729,48.923216],[2.667627,48.923654],[2.66765,48.923863],[2.667174,48.92386],[2.667067,48.924367],[2.666877,48.924469],[2.665704,48.924971],[2.665608,48.925063],[2.665629,48.925785],[2.665515,48.925831],[2.665308,48.925623],[2.664955,48.925349],[2.664195,48.925589],[2.663308,48.926511],[2.663801,48.927147],[2.663755,48.928432],[2.663963,48.92958],[2.662885,48.929912],[2.663059,48.930208],[2.663355,48.930497],[2.663616,48.930676],[2.663033,48.930875],[2.662136,48.930296],[2.661423,48.930885],[2.660928,48.931182],[2.660439,48.931278],[2.659556,48.931381],[2.659433,48.931439],[2.658959,48.930285],[2.65678,48.930741],[2.655442,48.930927],[2.654849,48.930989],[2.654657,48.93085],[2.654155,48.930904],[2.653155,48.930988],[2.651749,48.931012],[2.650874,48.930884],[2.649234,48.930695],[2.647897,48.930525],[2.647895,48.930637],[2.647582,48.930651],[2.647076,48.930633],[2.64686,48.930597],[2.646355,48.930443],[2.646047,48.930377],[2.644832,48.930198],[2.644719,48.930222],[2.643641,48.930386],[2.64313,48.930401],[2.642966,48.930427],[2.642693,48.930785],[2.642425,48.931089],[2.642528,48.931222],[2.642668,48.931286],[2.64355,48.931497],[2.64348,48.932908],[2.639601,48.933111],[2.636257,48.93327],[2.636228,48.933282],[2.636193,48.933144],[2.636471,48.932948],[2.636174,48.932051],[2.636058,48.93153],[2.635099,48.931465],[2.634564,48.93148],[2.633932,48.93162],[2.633709,48.931651],[2.632997,48.931813],[2.632707,48.931896],[2.632117,48.932115],[2.63195,48.932038],[2.631406,48.932106],[2.631382,48.931925],[2.631031,48.931947],[2.630792,48.931991],[2.630409,48.932107],[2.629369,48.932234],[2.629247,48.931923],[2.629107,48.93166],[2.62873,48.931336],[2.627582,48.930428],[2.627084,48.929992],[2.625936,48.92905],[2.625723,48.92891],[2.625519,48.929223],[2.625403,48.929355],[2.624991,48.929142],[2.62473,48.929374],[2.624478,48.929271],[2.624235,48.929112],[2.623935,48.928961],[2.623718,48.928883],[2.622496,48.928602],[2.622175,48.92851],[2.621724,48.928319],[2.621097,48.928267],[2.620226,48.9283],[2.619551,48.928347],[2.619273,48.928342],[2.618468,48.928262],[2.617813,48.927966],[2.617476,48.927702],[2.617157,48.927488],[2.616908,48.927374],[2.616555,48.92733],[2.616835,48.926235],[2.616727,48.926136],[2.61669,48.925858],[2.616612,48.925007],[2.616256,48.924925],[2.615816,48.924769],[2.615252,48.924663],[2.61444,48.924624],[2.613681,48.924662],[2.612719,48.924698],[2.610591,48.924749],[2.609985,48.924777],[2.608855,48.924809],[2.608775,48.924922],[2.609134,48.925365],[2.609337,48.925772],[2.609431,48.926045],[2.605288,48.925843],[2.604802,48.927785],[2.604742,48.927948],[2.603023,48.927544],[2.602971,48.927543],[2.602946,48.928357],[2.602955,48.92875],[2.60281,48.929187],[2.602722,48.929381],[2.602557,48.929897],[2.602429,48.93012],[2.602377,48.930303],[2.602456,48.930513],[2.602816,48.930859],[2.6029,48.931006],[2.602921,48.931276],[2.602771,48.931804],[2.602468,48.932442],[2.602408,48.932667],[2.602411,48.93287],[2.60236,48.933384],[2.602206,48.933922],[2.602159,48.934352],[2.602137,48.93495],[2.60226,48.935301],[2.602719,48.936091],[2.602806,48.936317],[2.603077,48.937338],[2.603314,48.937741],[2.601531,48.937801],[2.601642,48.938468],[2.600912,48.938387],[2.597719,48.938057],[2.597721,48.938816],[2.595933,48.938608],[2.595225,48.940898],[2.595195,48.940967],[2.594764,48.942331],[2.594059,48.944055],[2.594017,48.944142],[2.593704,48.945068],[2.593637,48.945316],[2.593641,48.945599],[2.593856,48.946276],[2.593855,48.946379],[2.593745,48.946935],[2.593522,48.947401],[2.593431,48.947512],[2.592719,48.948089],[2.59243,48.94839],[2.592269,48.948725],[2.591972,48.949139],[2.591419,48.950082],[2.591416,48.950305],[2.591342,48.950288],[2.591273,48.950705],[2.591122,48.951077],[2.590939,48.95136],[2.590455,48.951992],[2.589967,48.952732],[2.589744,48.953146],[2.589242,48.954008],[2.588592,48.95462],[2.588327,48.954978],[2.587821,48.955623],[2.587747,48.955667],[2.58728,48.955789],[2.587098,48.955895],[2.586316,48.95665],[2.586032,48.956857],[2.585643,48.957032],[2.585528,48.957044],[2.583733,48.95697],[2.583622,48.957015],[2.583175,48.957434],[2.582739,48.957776],[2.582275,48.958097],[2.582038,48.958341],[2.582086,48.958382],[2.581519,48.958871],[2.581052,48.959502],[2.580565,48.960141],[2.579893,48.961047],[2.579523,48.961473],[2.578939,48.962016],[2.578789,48.962274],[2.578345,48.963276],[2.578153,48.963534],[2.577744,48.963851],[2.576524,48.964651],[2.575582,48.965144],[2.575036,48.965651],[2.574402,48.966301],[2.573781,48.966818],[2.573448,48.967075],[2.572616,48.96791],[2.572517,48.968043],[2.571173,48.969504],[2.571095,48.969541],[2.570466,48.970257],[2.569563,48.971112],[2.569139,48.971654],[2.568891,48.971996],[2.567769,48.973643],[2.567205,48.974417],[2.56646,48.975224],[2.56534,48.976274],[2.564721,48.976805],[2.564239,48.97725],[2.56343,48.977944],[2.563108,48.97825],[2.56221,48.979142],[2.562335,48.979233],[2.562858,48.979755],[2.563172,48.980094],[2.563745,48.980626],[2.563964,48.980689],[2.564959,48.980514],[2.565661,48.980436],[2.566198,48.980413],[2.568463,48.980509],[2.568809,48.980484],[2.572208,48.97967],[2.572955,48.979522],[2.573326,48.979499],[2.573824,48.979414],[2.574388,48.979354],[2.575452,48.979268],[2.576639,48.97922],[2.577532,48.979196],[2.578664,48.97918],[2.579066,48.979336],[2.576646,48.984127],[2.57969,48.984616],[2.579438,48.985527],[2.581443,48.985968],[2.58094,48.987391],[2.579292,48.990188],[2.581285,48.99053],[2.580566,48.991513],[2.579072,48.993596],[2.579452,48.993736],[2.578631,48.994762],[2.578544,48.994719],[2.578401,48.995005],[2.578248,48.994953],[2.577302,48.997129],[2.577442,48.997168],[2.576673,48.998776],[2.575961,49.000279],[2.571517,48.999872],[2.571393,49.000761],[2.573488,49.001014],[2.573107,49.001642],[2.572574,49.002496],[2.57129,49.004239],[2.569068,49.003766],[2.568837,49.004819],[2.570652,49.00509],[2.570068,49.005887],[2.566977,49.005576],[2.56695,49.005745],[2.564702,49.00563],[2.564642,49.006168],[2.564495,49.007316],[2.566632,49.00743],[2.56675,49.006964],[2.569101,49.007186],[2.570726,49.007712],[2.569524,49.008761],[2.570594,49.00906],[2.570272,49.009258],[2.569137,49.011283],[2.565889,49.011024],[2.565584,49.012332],[2.564855,49.012251],[2.559217,49.012078],[2.55792,49.011901],[2.555387,49.010975],[2.555354,49.010687],[2.553504,49.010128],[2.553456,49.010141],[2.553079,49.006782],[2.552073,49.006762],[2.548819,49.006704],[2.54926,49.003162],[2.548077,49.00309],[2.547818,49.00505],[2.546944,49.00502],[2.546951,49.004916],[2.54551,49.004827],[2.545049,49.004809],[2.544082,49.004749],[2.54404,49.00564],[2.541152,49.005658],[2.541198,49.006288],[2.538391,49.006217],[2.538375,49.005322],[2.535728,49.005253],[2.535482,49.006586],[2.534426,49.006249],[2.532189,49.005238],[2.531073,49.003112],[2.530201,49.002303],[2.530477,49.00198],[2.530444,49.001913],[2.529641,49.002003],[2.529152,49.000428],[2.527874,49.000452],[2.524412,48.996248],[2.523228,48.994255],[2.522779,48.992144],[2.520452,48.992282],[2.520154,48.9911],[2.518923,48.990952],[2.519142,48.988544],[2.519202,48.987843],[2.516923,48.987614],[2.517006,48.98611],[2.51656,48.986128],[2.516215,48.986102],[2.512257,48.986049],[2.514262,48.982942],[2.514488,48.982646],[2.514554,48.982489],[2.514719,48.982231],[2.510528,48.980622],[2.510744,48.980378],[2.509229,48.979818],[2.508816,48.980592],[2.506343,48.980308],[2.506718,48.979881],[2.504859,48.97879],[2.503995,48.979317],[2.503764,48.979471],[2.501877,48.978535],[2.500374,48.977707],[2.500757,48.977473],[2.50211,48.976568],[2.501014,48.97603],[2.500239,48.975613],[2.500487,48.975435],[2.49835,48.975211],[2.497605,48.975094],[2.497244,48.975061],[2.49579,48.975055],[2.497961,48.973863],[2.497302,48.97338],[2.496176,48.972599],[2.49249,48.974586],[2.490908,48.973354],[2.490704,48.973177],[2.488321,48.971297],[2.490258,48.97007],[2.486772,48.967258],[2.483829,48.96832],[2.48151,48.969583],[2.480767,48.969813],[2.479278,48.968107],[2.478825,48.9675],[2.478533,48.967612],[2.477798,48.966703],[2.47503,48.967668],[2.473101,48.965867],[2.470592,48.96394],[2.469496,48.963022],[2.467346,48.964306],[2.464255,48.961244],[2.463404,48.960306],[2.462947,48.959748],[2.462602,48.959536],[2.4622,48.959229],[2.461141,48.958542],[2.46083,48.958469],[2.460718,48.958396],[2.460569,48.958175],[2.460474,48.957865],[2.460338,48.957308],[2.460184,48.956987],[2.460201,48.956798],[2.460299,48.956556],[2.460144,48.956146],[2.459593,48.955273],[2.459489,48.955049],[2.459011,48.955127],[2.457659,48.955531],[2.456749,48.955731],[2.455879,48.955668],[2.454176,48.955659],[2.453836,48.955618],[2.453189,48.955475],[2.452896,48.955342],[2.452629,48.955286],[2.451467,48.955153],[2.451054,48.955053],[2.450307,48.954944],[2.450042,48.954971],[2.449226,48.955106],[2.448912,48.955245],[2.448572,48.955469],[2.448013,48.955939],[2.447486,48.955777],[2.445179,48.956741],[2.445017,48.956731],[2.444789,48.956574],[2.444573,48.956721],[2.444458,48.956637],[2.444032,48.956723],[2.443925,48.9567],[2.443835,48.956529],[2.443745,48.956513],[2.443486,48.956608],[2.443334,48.956498],[2.442772,48.95655],[2.442272,48.956524],[2.441852,48.956557],[2.441654,48.956424],[2.441157,48.956395],[2.440813,48.956253],[2.439824,48.956034],[2.439132,48.955863],[2.43807,48.955777],[2.437088,48.955753],[2.436824,48.955598],[2.436482,48.955441],[2.436157,48.955386],[2.435927,48.955119],[2.435771,48.955075],[2.43564,48.955186],[2.435644,48.955427],[2.435379,48.955461],[2.43531,48.955626],[2.435024,48.955663],[2.434349,48.955898],[2.434101,48.955943],[2.433935,48.956415],[2.433761,48.956592],[2.433386,48.956759],[2.43318,48.956777],[2.433032,48.957163],[2.432851,48.957203],[2.432826,48.95742],[2.432645,48.957395],[2.432632,48.957564],[2.432466,48.957585],[2.431785,48.957735],[2.431605,48.957802],[2.431374,48.957941],[2.431027,48.958058],[2.430695,48.958144],[2.430408,48.958252],[2.430019,48.958332],[2.429877,48.958557],[2.429306,48.958662],[2.429024,48.958908],[2.428844,48.959001],[2.428496,48.95903],[2.428234,48.959246],[2.428042,48.959235],[2.427355,48.959331],[2.427022,48.959413],[2.426527,48.959377],[2.425841,48.959402],[2.425655,48.959337],[2.425423,48.959147],[2.425318,48.959114],[2.424989,48.959137],[2.424436,48.959045],[2.423512,48.95897],[2.422702,48.958895],[2.422395,48.958817],[2.422246,48.958748],[2.421598,48.958528],[2.418812,48.957713],[2.418391,48.95759],[2.418407,48.957926],[2.418303,48.958253],[2.417795,48.959418],[2.417436,48.959524],[2.416997,48.959329],[2.416095,48.958877],[2.415789,48.958746],[2.415363,48.958486],[2.414938,48.958261],[2.413663,48.957999],[2.413685,48.957738],[2.412485,48.957718],[2.410905,48.95797],[2.409669,48.957874],[2.409845,48.957037],[2.409584,48.956927],[2.408336,48.957286],[2.407921,48.956802],[2.407356,48.956092],[2.404817,48.957429],[2.403293,48.958088],[2.402537,48.957964],[2.398903,48.959611],[2.397491,48.960555],[2.39736,48.960672],[2.396673,48.961117],[2.396541,48.961087],[2.396117,48.961423],[2.395414,48.961827],[2.39432,48.962537],[2.394564,48.962709],[2.393969,48.963104],[2.393561,48.963428],[2.393334,48.963587],[2.393301,48.963654],[2.392847,48.964026],[2.392495,48.964374],[2.392239,48.964551],[2.39178,48.964736],[2.391129,48.965095],[2.390986,48.965025],[2.390242,48.965562],[2.388028,48.967252],[2.38786,48.967346],[2.386207,48.968748],[2.386099,48.968862],[2.384588,48.970163],[2.384159,48.971126],[2.382441,48.971227]]]}},{"type":"Feature","properties":{"code":"200056380","name":"CA Plaine Vallée","special":false},"geometry":{"type":"Polygon","coordinates":[[[2.327919,48.959516],[2.325737,48.958414],[2.325331,48.958259],[2.322987,48.9576],[2.322693,48.957525],[2.320617,48.958128],[2.319866,48.958452],[2.31977,48.958474],[2.319091,48.958943],[2.31884,48.959048],[2.317948,48.959532],[2.316281,48.960484],[2.315605,48.96088],[2.313402,48.96212],[2.313055,48.962327],[2.313005,48.962411],[2.310979,48.962155],[2.310893,48.962001],[2.31069,48.961871],[2.310371,48.961745],[2.310184,48.96195],[2.309842,48.962215],[2.30935,48.9627],[2.309127,48.963162],[2.30894,48.963509],[2.308384,48.963296],[2.307523,48.962932],[2.307136,48.96274],[2.306767,48.962997],[2.305085,48.962222],[2.30354,48.963672],[2.303105,48.964039],[2.301902,48.964942],[2.301503,48.965267],[2.301154,48.965475],[2.300497,48.965733],[2.30046,48.965699],[2.300073,48.965848],[2.29922,48.966146],[2.298876,48.966305],[2.298561,48.966159],[2.294911,48.964209],[2.292724,48.963044],[2.292091,48.962731],[2.29033,48.961708],[2.289229,48.959933],[2.288926,48.959435],[2.28833,48.958384],[2.288365,48.959022],[2.288364,48.959379],[2.288429,48.959828],[2.288174,48.959858],[2.283042,48.959454],[2.282777,48.960088],[2.28182,48.959934],[2.280177,48.959682],[2.279974,48.959663],[2.279772,48.959701],[2.279914,48.959998],[2.279893,48.960385],[2.279728,48.961205],[2.279309,48.961183],[2.279229,48.961827],[2.278442,48.961843],[2.27676,48.962007],[2.276541,48.962038],[2.276531,48.963491],[2.276101,48.963478],[2.276277,48.96404],[2.275474,48.964083],[2.274502,48.964042],[2.274193,48.963957],[2.274524,48.965009],[2.275264,48.964907],[2.275335,48.965245],[2.273957,48.965376],[2.273615,48.965443],[2.274209,48.967142],[2.274733,48.967051],[2.274963,48.966993],[2.27528,48.967395],[2.275369,48.967563],[2.276066,48.96854],[2.275074,48.968815],[2.27526,48.969235],[2.273814,48.969861],[2.273947,48.970125],[2.273003,48.970315],[2.273538,48.971164],[2.27345,48.971156],[2.274051,48.972287],[2.273502,48.972433],[2.273552,48.972555],[2.273162,48.972631],[2.271092,48.973064],[2.271962,48.974217],[2.272197,48.974514],[2.271635,48.974837],[2.272377,48.9756],[2.272405,48.975666],[2.273392,48.976675],[2.273661,48.976592],[2.273843,48.976779],[2.274592,48.976436],[2.275041,48.976212],[2.275785,48.975913],[2.276109,48.975825],[2.276474,48.975786],[2.276699,48.97581],[2.277322,48.976005],[2.278076,48.976202],[2.27895,48.976332],[2.280027,48.976507],[2.280697,48.976653],[2.281043,48.976742],[2.281693,48.976877],[2.28224,48.977025],[2.282605,48.977206],[2.282633,48.97751],[2.283298,48.977482],[2.286666,48.977222],[2.288259,48.977087],[2.289621,48.976984],[2.289872,48.977219],[2.289927,48.977332],[2.291135,48.976966],[2.291632,48.976772],[2.291585,48.978057],[2.29159,48.978383],[2.291639,48.97861],[2.291749,48.978851],[2.291532,48.979054],[2.290976,48.979416],[2.290588,48.979637],[2.28944,48.980351],[2.288846,48.980914],[2.28875,48.981091],[2.28825,48.981451],[2.287594,48.981888],[2.287405,48.982141],[2.286962,48.982344],[2.286848,48.982353],[2.286623,48.982555],[2.286353,48.982875],[2.286136,48.983203],[2.285789,48.983786],[2.285602,48.984069],[2.285469,48.984221],[2.284996,48.984631],[2.284384,48.985322],[2.284015,48.985643],[2.285837,48.987037],[2.285383,48.987264],[2.286599,48.988202],[2.286848,48.988061],[2.287323,48.988514],[2.288361,48.989708],[2.288956,48.990496],[2.289129,48.9908],[2.28925,48.990887],[2.289403,48.991133],[2.289753,48.991573],[2.289824,48.991549],[2.290304,48.992154],[2.291401,48.993617],[2.292845,48.995883],[2.292009,48.996138],[2.29132,48.996385],[2.290551,48.996642],[2.290142,48.996798],[2.289274,48.996997],[2.288375,48.997154],[2.286451,48.997434],[2.285944,48.997465],[2.284819,48.997463],[2.284667,48.99748],[2.28265,48.997866],[2.281147,48.998164],[2.281178,48.998273],[2.281419,48.998543],[2.281601,48.998644],[2.281719,48.998822],[2.281856,48.998868],[2.281986,48.998991],[2.28211,48.999267],[2.282814,48.999592],[2.283132,48.999771],[2.283213,48.999856],[2.283524,49.00041],[2.283613,49.000916],[2.28374,49.001263],[2.283863,49.001482],[2.283362,49.001574],[2.282268,49.001927],[2.282044,49.002116],[2.281935,49.00228],[2.281906,49.002441],[2.282096,49.002691],[2.282612,49.002789],[2.282988,49.003039],[2.281462,49.003539],[2.281032,49.003621],[2.280366,49.003827],[2.279419,49.004213],[2.278318,49.004672],[2.27693,49.005286],[2.276562,49.00544],[2.275421,49.00588],[2.274918,49.006063],[2.274419,49.006186],[2.273214,49.006442],[2.272971,49.006505],[2.272495,49.006694],[2.272197,49.006428],[2.271119,49.005356],[2.270433,49.004655],[2.267273,49.001555],[2.2667,49.000845],[2.266211,49.00096],[2.265769,49.000996],[2.265097,49.000945],[2.264235,49.000825],[2.264225,49.0005],[2.26394,48.999661],[2.263362,48.998127],[2.262501,48.998421],[2.261518,48.99874],[2.260803,48.998909],[2.258733,48.999476],[2.258508,48.999495],[2.258238,48.999605],[2.257197,48.999813],[2.256923,48.999857],[2.256446,48.999888],[2.256129,49.000253],[2.255519,49.000565],[2.254695,49.000969],[2.253271,49.001623],[2.25249,49.001808],[2.252207,49.001853],[2.252461,49.002808],[2.252612,49.003451],[2.252905,49.004523],[2.253244,49.005852],[2.253725,49.006369],[2.253897,49.006624],[2.255649,49.008846],[2.255785,49.010748],[2.255544,49.011631],[2.255406,49.012196],[2.255217,49.012836],[2.256109,49.01533],[2.256256,49.01555],[2.256411,49.01571],[2.257081,49.016257],[2.256997,49.016271],[2.261532,49.019255],[2.26214,49.019695],[2.262105,49.019871],[2.261885,49.020232],[2.261843,49.020636],[2.261427,49.021051],[2.261299,49.02121],[2.261127,49.021301],[2.260739,49.021569],[2.260348,49.021763],[2.260104,49.021926],[2.259906,49.022098],[2.259286,49.022497],[2.257415,49.023779],[2.257574,49.024122],[2.256636,49.024551],[2.255557,49.025008],[2.257676,49.037097],[2.258189,49.040022],[2.259792,49.039582],[2.260642,49.039357],[2.261348,49.039159],[2.261956,49.039014],[2.262785,49.038795],[2.263128,49.038727],[2.263326,49.038631],[2.264385,49.038566],[2.266214,49.03849],[2.267908,49.038451],[2.268922,49.038122],[2.269603,49.037929],[2.270445,49.037647],[2.271026,49.037479],[2.271551,49.037312],[2.272395,49.037024],[2.273655,49.036643],[2.27462,49.036341],[2.274702,49.036746],[2.274817,49.037431],[2.274834,49.037621],[2.274927,49.038051],[2.2752,49.03981],[2.275198,49.039852],[2.275733,49.040535],[2.276707,49.041854],[2.277277,49.041955],[2.277653,49.042052],[2.278055,49.042188],[2.278325,49.042319],[2.278861,49.04265],[2.27921,49.042815],[2.279388,49.042933],[2.279983,49.04311],[2.280243,49.043217],[2.281041,49.043614],[2.281292,49.043766],[2.281636,49.044134],[2.28193,49.044374],[2.282398,49.044716],[2.283049,49.045249],[2.283544,49.045533],[2.283705,49.045662],[2.283975,49.04596],[2.284266,49.046167],[2.284622,49.046553],[2.284581,49.046736],[2.284492,49.047498],[2.284469,49.047807],[2.284461,49.048443],[2.284482,49.048554],[2.284615,49.0488],[2.284816,49.049013],[2.285022,49.049183],[2.285789,49.049906],[2.285946,49.050086],[2.286195,49.050234],[2.286337,49.050023],[2.287425,49.048997],[2.290266,49.046305],[2.290639,49.046473],[2.292298,49.047305],[2.293703,49.047995],[2.294821,49.048686],[2.295113,49.048507],[2.295315,49.048656],[2.296515,49.049362],[2.296979,49.049602],[2.297455,49.04981],[2.298517,49.050104],[2.298921,49.050152],[2.299904,49.050299],[2.299926,49.050227],[2.300513,49.049285],[2.300722,49.048981],[2.300793,49.048799],[2.300713,49.048577],[2.300603,49.04848],[2.301482,49.048101],[2.302515,49.047708],[2.303115,49.047522],[2.303686,49.047307],[2.304074,49.047129],[2.304296,49.046982],[2.306276,49.046978],[2.306801,49.046942],[2.306738,49.04721],[2.308234,49.047663],[2.308668,49.047822],[2.310148,49.048427],[2.311348,49.048937],[2.312555,49.049401],[2.312682,49.049417],[2.313685,49.049418],[2.316112,49.04941],[2.316982,49.049387],[2.317124,49.049421],[2.317235,49.049637],[2.317467,49.049844],[2.317613,49.049919],[2.318068,49.050033],[2.319433,49.050399],[2.320476,49.050648],[2.321077,49.050757],[2.321529,49.050817],[2.321826,49.050875],[2.323124,49.051102],[2.323174,49.051171],[2.323231,49.052031],[2.324078,49.051793],[2.324649,49.0517],[2.325018,49.051677],[2.32539,49.051724],[2.326261,49.051861],[2.326875,49.051968],[2.327415,49.051972],[2.32805,49.051885],[2.328909,49.051706],[2.329389,49.051573],[2.330828,49.050716],[2.332011,49.050244],[2.332476,49.050034],[2.333455,49.049624],[2.334283,49.049289],[2.334723,49.049686],[2.334508,49.049703],[2.334357,49.050126],[2.334537,49.050208],[2.335473,49.050361],[2.335066,49.051408],[2.33413,49.053843],[2.33291,49.0568],[2.332175,49.05857],[2.331956,49.058891],[2.331768,49.059123],[2.331639,49.059557],[2.331168,49.060803],[2.330961,49.061313],[2.330629,49.062235],[2.330351,49.062909],[2.330084,49.063638],[2.329867,49.064112],[2.329624,49.064747],[2.329438,49.065193],[2.329216,49.065636],[2.328819,49.066374],[2.331479,49.066612],[2.331427,49.066824],[2.331127,49.068227],[2.333729,49.067451],[2.334407,49.068648],[2.335581,49.071409],[2.334111,49.071451],[2.33453,49.071636],[2.335061,49.071894],[2.33542,49.072045],[2.335392,49.072202],[2.334965,49.07393],[2.334527,49.075491],[2.335027,49.075615],[2.337324,49.076117],[2.337803,49.076243],[2.337919,49.076302],[2.338325,49.076615],[2.33944,49.076419],[2.341429,49.076066],[2.341704,49.074925],[2.34178,49.074311],[2.34178,49.074077],[2.343991,49.074484],[2.344042,49.074197],[2.344069,49.073704],[2.344146,49.073251],[2.344183,49.072605],[2.345533,49.073714],[2.34605,49.074102],[2.348559,49.07284],[2.349462,49.072365],[2.350634,49.071765],[2.35146,49.071378],[2.352307,49.070964],[2.354154,49.07],[2.353948,49.069778],[2.357287,49.069514],[2.363885,49.068969],[2.364667,49.068903],[2.367256,49.068333],[2.370783,49.066406],[2.373092,49.065021],[2.373817,49.064549],[2.375481,49.063454],[2.373852,49.060332],[2.373075,49.05814],[2.372683,49.057056],[2.372005,49.056266],[2.37174,49.056084],[2.370508,49.055162],[2.369657,49.054563],[2.372872,49.051588],[2.374482,49.050028],[2.375778,49.048783],[2.379881,49.046685],[2.379565,49.046462],[2.379422,49.04623],[2.378953,49.045183],[2.378744,49.044771],[2.378703,49.04449],[2.378817,49.044129],[2.378768,49.043899],[2.378399,49.043149],[2.378126,49.042546],[2.37795,49.04209],[2.378116,49.04201],[2.379494,49.041768],[2.380002,49.041706],[2.380294,49.041702],[2.381492,49.041876],[2.38231,49.042006],[2.383073,49.042149],[2.382745,49.041977],[2.382495,49.041837],[2.382213,49.041641],[2.381439,49.041145],[2.38102,49.040892],[2.379059,49.039665],[2.378387,49.039238],[2.377719,49.038886],[2.376917,49.038437],[2.376198,49.038139],[2.37592,49.038051],[2.375492,49.037853],[2.375284,49.037782],[2.374666,49.037646],[2.373953,49.037551],[2.373706,49.037013],[2.373593,49.036668],[2.373148,49.03558],[2.371768,49.034197],[2.371791,49.033826],[2.371497,49.032964],[2.370996,49.031696],[2.370919,49.031471],[2.370922,49.0312],[2.370986,49.031021],[2.371106,49.03083],[2.371121,49.030629],[2.371066,49.030385],[2.3709,49.030118],[2.370787,49.029877],[2.370512,49.029616],[2.369041,49.028581],[2.368665,49.028275],[2.36769,49.027234],[2.367377,49.026885],[2.367203,49.026719],[2.366708,49.026166],[2.366411,49.025816],[2.366333,49.025644],[2.365843,49.025165],[2.365121,49.024402],[2.364943,49.024197],[2.364468,49.023396],[2.364307,49.023076],[2.363991,49.022907],[2.363829,49.022551],[2.363809,49.022269],[2.363901,49.022086],[2.363949,49.02188],[2.364072,49.021351],[2.364008,49.020824],[2.363539,49.020058],[2.363605,49.019997],[2.363402,49.019834],[2.363265,49.019657],[2.362987,49.019118],[2.362757,49.018401],[2.362507,49.017841],[2.362289,49.01712],[2.362074,49.016266],[2.362367,49.015337],[2.36258,49.014841],[2.362583,49.014398],[2.362501,49.014055],[2.362307,49.013646],[2.362111,49.013348],[2.36192,49.012951],[2.361705,49.012247],[2.361662,49.011844],[2.361699,49.011265],[2.361739,49.011123],[2.362084,49.010603],[2.362242,49.010429],[2.362633,49.010131],[2.363048,49.009857],[2.363397,49.009571],[2.363724,49.00945],[2.363966,49.009177],[2.364375,49.008438],[2.364587,49.007981],[2.365023,49.00683],[2.365272,49.00646],[2.365727,49.006119],[2.365884,49.005964],[2.366023,49.005763],[2.366169,49.005476],[2.36633,49.005252],[2.366459,49.004942],[2.3665,49.004774],[2.367003,49.003607],[2.367101,49.003345],[2.36711,49.002933],[2.367034,49.002559],[2.366948,49.001994],[2.366961,49.00178],[2.367061,49.001466],[2.367237,49.001164],[2.367649,49.000663],[2.368053,49.00022],[2.368177,49.000046],[2.368473,48.99942],[2.36854,48.999214],[2.36854,48.999083],[2.368448,48.998879],[2.368288,48.998295],[2.368274,48.9979],[2.368305,48.997744],[2.368531,48.997251],[2.369534,48.99625],[2.369866,48.995576],[2.369938,48.995282],[2.369905,48.99495],[2.368899,48.994522],[2.368852,48.994536],[2.368133,48.994238],[2.36754,48.99402],[2.367338,48.99393],[2.365894,48.993384],[2.365235,48.993129],[2.366522,48.992076],[2.36636,48.991902],[2.365509,48.99117],[2.365213,48.990868],[2.36663,48.99024],[2.366593,48.990188],[2.366071,48.989701],[2.366677,48.989472],[2.365996,48.988775],[2.366531,48.98852],[2.368118,48.987887],[2.368043,48.987669],[2.367896,48.987098],[2.367765,48.986817],[2.367538,48.986414],[2.36747,48.986172],[2.367517,48.985661],[2.367583,48.985132],[2.36768,48.984686],[2.367748,48.984547],[2.367887,48.984416],[2.367651,48.983818],[2.367423,48.983389],[2.367221,48.983145],[2.367137,48.982959],[2.367011,48.982809],[2.366663,48.982259],[2.366419,48.981918],[2.366117,48.981435],[2.365961,48.98114],[2.365828,48.980831],[2.365651,48.980612],[2.365386,48.980236],[2.364234,48.979038],[2.364068,48.978962],[2.364097,48.978889],[2.364354,48.978268],[2.364715,48.977335],[2.365361,48.975704],[2.365731,48.974793],[2.365878,48.974327],[2.365742,48.974028],[2.365562,48.973691],[2.365523,48.973538],[2.365292,48.973086],[2.362654,48.973658],[2.362672,48.973722],[2.362267,48.973797],[2.361723,48.973965],[2.361562,48.973886],[2.36129,48.973499],[2.361122,48.973348],[2.360807,48.972989],[2.360495,48.972691],[2.360092,48.972481],[2.36,48.972496],[2.359531,48.972693],[2.358985,48.972869],[2.358203,48.971815],[2.357928,48.971398],[2.357506,48.970827],[2.356424,48.969096],[2.356559,48.968975],[2.356929,48.968782],[2.356761,48.968659],[2.356533,48.968434],[2.355357,48.967437],[2.354804,48.966903],[2.353925,48.965756],[2.35365,48.965828],[2.353466,48.965624],[2.35257,48.965725],[2.352317,48.96578],[2.352014,48.965907],[2.351774,48.966056],[2.351637,48.966189],[2.351596,48.966328],[2.351576,48.966621],[2.350516,48.967024],[2.350004,48.967128],[2.34916,48.967352],[2.348499,48.967503],[2.348319,48.967523],[2.347287,48.967704],[2.347078,48.967657],[2.345909,48.967965],[2.345496,48.968066],[2.345082,48.968191],[2.344659,48.968192],[2.344449,48.968233],[2.343865,48.968421],[2.339871,48.962552],[2.339393,48.962705],[2.338933,48.962921],[2.338423,48.962218],[2.337972,48.961634],[2.337455,48.960909],[2.337637,48.960716],[2.337985,48.960231],[2.338078,48.960072],[2.336987,48.958679],[2.3369,48.958584],[2.336511,48.958047],[2.336361,48.957739],[2.33622,48.957653],[2.336046,48.957464],[2.335638,48.957121],[2.335515,48.957139],[2.335351,48.957031],[2.335112,48.956788],[2.335064,48.956811],[2.334553,48.956307],[2.334268,48.956048],[2.334024,48.956174],[2.333644,48.955651],[2.333363,48.955318],[2.332145,48.956303],[2.330803,48.95737],[2.33025,48.957792],[2.329224,48.958467],[2.327919,48.959516]]]}},{"type":"Feature","properties":{"code":"200058485","name":"CA Val Parisis","special":false},"geometry":{"type":"Polygon","coordinates":[[[2.120986,49.018101],[2.120469,49.018669],[2.120776,49.019429],[2.120685,49.019632],[2.120537,49.019829],[2.119229,49.021267],[2.119098,49.02148],[2.117272,49.021905],[2.117246,49.022084],[2.117023,49.021918],[2.11606,49.023163],[2.116116,49.023945],[2.116082,49.024614],[2.119118,49.026928],[2.12239,49.029341],[2.125627,49.025686],[2.127345,49.024055],[2.127777,49.023685],[2.127928,49.023598],[2.128242,49.023292],[2.12864,49.022873],[2.135558,49.027016],[2.137123,49.02764],[2.137967,49.027961],[2.138128,49.028041],[2.13971,49.028673],[2.139814,49.028749],[2.140753,49.029084],[2.143163,49.03005],[2.149236,49.032472],[2.151733,49.033765],[2.155655,49.036217],[2.156029,49.036144],[2.156513,49.036004],[2.156694,49.035978],[2.157389,49.035776],[2.158247,49.035506],[2.158858,49.035286],[2.159574,49.034987],[2.160418,49.034647],[2.1608,49.034514],[2.161643,49.034157],[2.162852,49.033671],[2.163955,49.033196],[2.164567,49.032903],[2.16539,49.032583],[2.165977,49.032365],[2.168187,49.031456],[2.168313,49.031699],[2.16849,49.032325],[2.168665,49.033007],[2.168655,49.033193],[2.168702,49.033694],[2.168799,49.034101],[2.169299,49.034924],[2.169485,49.035154],[2.169826,49.035489],[2.170444,49.036026],[2.170662,49.036068],[2.170974,49.036293],[2.171334,49.03662],[2.171867,49.03707],[2.172356,49.037546],[2.173213,49.038287],[2.173447,49.03847],[2.173727,49.038642],[2.173059,49.03891],[2.173577,49.040084],[2.173575,49.040233],[2.173666,49.040693],[2.173687,49.041151],[2.17421,49.041222],[2.174613,49.042718],[2.17523,49.042889],[2.174731,49.043552],[2.174928,49.044488],[2.174476,49.044964],[2.176131,49.046114],[2.176108,49.04627],[2.179608,49.046438],[2.180484,49.046489],[2.180882,49.046497],[2.181337,49.04645],[2.181682,49.046464],[2.182315,49.046434],[2.182957,49.046461],[2.183224,49.046488],[2.183566,49.046568],[2.184719,49.047066],[2.185182,49.047328],[2.185662,49.047089],[2.18599,49.046867],[2.186774,49.047254],[2.187154,49.047419],[2.187822,49.047648],[2.188115,49.047716],[2.189437,49.048184],[2.190272,49.048497],[2.191138,49.04879],[2.191715,49.049033],[2.19222,49.049274],[2.192615,49.049523],[2.192887,49.049655],[2.19373,49.049946],[2.19426,49.050186],[2.195032,49.050731],[2.195192,49.050907],[2.195766,49.051157],[2.19686,49.051173],[2.197784,49.051194],[2.198578,49.051267],[2.198315,49.051418],[2.198635,49.051646],[2.197622,49.052244],[2.197785,49.052332],[2.198162,49.052635],[2.198473,49.052911],[2.199033,49.053293],[2.200516,49.054408],[2.20134,49.05485],[2.202092,49.055208],[2.201843,49.055589],[2.201772,49.055856],[2.202034,49.056682],[2.202117,49.056993],[2.201983,49.057278],[2.201519,49.057762],[2.201135,49.058094],[2.200971,49.058261],[2.201432,49.058381],[2.201733,49.058499],[2.201917,49.058539],[2.202279,49.058889],[2.202386,49.059958],[2.202486,49.060185],[2.20268,49.060337],[2.203731,49.061004],[2.203796,49.060956],[2.20418,49.060821],[2.204555,49.060814],[2.204752,49.060835],[2.205623,49.060874],[2.206221,49.060863],[2.206445,49.06069],[2.206507,49.060257],[2.206672,49.059858],[2.206866,49.05956],[2.207152,49.059195],[2.207446,49.059058],[2.207819,49.058819],[2.208016,49.058723],[2.210292,49.05801],[2.210859,49.058369],[2.211275,49.058575],[2.211678,49.058722],[2.212166,49.05894],[2.212695,49.059251],[2.212906,49.058848],[2.213079,49.05859],[2.213402,49.058268],[2.214075,49.057725],[2.214562,49.057308],[2.215303,49.056651],[2.215969,49.056129],[2.216387,49.055775],[2.216543,49.055589],[2.216718,49.05532],[2.216867,49.054935],[2.216962,49.054846],[2.21733,49.054633],[2.217773,49.05446],[2.218145,49.054369],[2.218322,49.054372],[2.218759,49.053774],[2.219474,49.053843],[2.219926,49.053865],[2.220916,49.053881],[2.221559,49.053928],[2.221732,49.053847],[2.222627,49.053662],[2.223128,49.053582],[2.223654,49.053439],[2.224023,49.053391],[2.224501,49.053226],[2.225077,49.053047],[2.226104,49.052797],[2.226362,49.052754],[2.226593,49.052753],[2.226878,49.052823],[2.227151,49.052842],[2.227855,49.052814],[2.228025,49.05276],[2.228912,49.052582],[2.229268,49.052565],[2.229737,49.052479],[2.23035,49.052263],[2.230707,49.052076],[2.230879,49.051957],[2.231104,49.051906],[2.231455,49.051736],[2.231984,49.051509],[2.232077,49.051601],[2.233762,49.051004],[2.233966,49.050454],[2.234091,49.05033],[2.23413,49.05014],[2.234366,49.049647],[2.234448,49.049541],[2.23454,49.049421],[2.234762,49.049231],[2.236278,49.048556],[2.236726,49.04841],[2.237368,49.047899],[2.237506,49.04777],[2.237752,49.047693],[2.237932,49.047565],[2.238093,49.047372],[2.238737,49.046744],[2.238917,49.046506],[2.239032,49.046234],[2.239047,49.046026],[2.239211,49.045763],[2.239466,49.045441],[2.24044,49.044776],[2.240826,49.044585],[2.241133,49.044466],[2.24166,49.044313],[2.241995,49.04427],[2.242499,49.044284],[2.242912,49.044365],[2.242881,49.044103],[2.242955,49.043991],[2.243452,49.043857],[2.244164,49.043683],[2.244449,49.043583],[2.244953,49.043475],[2.24523,49.043393],[2.245986,49.043207],[2.246452,49.043072],[2.247965,49.042672],[2.25292,49.04138],[2.253575,49.041216],[2.25379,49.041203],[2.253941,49.041152],[2.255386,49.040762],[2.255871,49.040609],[2.256146,49.040565],[2.256661,49.040446],[2.256965,49.040345],[2.257287,49.04027],[2.257499,49.040193],[2.257875,49.040115],[2.258189,49.040022],[2.257676,49.037097],[2.255557,49.025008],[2.256636,49.024551],[2.257574,49.024122],[2.257415,49.023779],[2.259286,49.022497],[2.259906,49.022098],[2.260104,49.021926],[2.260348,49.021763],[2.260739,49.021569],[2.261127,49.021301],[2.261299,49.02121],[2.261427,49.021051],[2.261843,49.020636],[2.261885,49.020232],[2.262105,49.019871],[2.26214,49.019695],[2.261532,49.019255],[2.256997,49.016271],[2.257081,49.016257],[2.256411,49.01571],[2.256256,49.01555],[2.256109,49.01533],[2.255217,49.012836],[2.255406,49.012196],[2.255544,49.011631],[2.255785,49.010748],[2.255649,49.008846],[2.253897,49.006624],[2.253725,49.006369],[2.253244,49.005852],[2.252905,49.004523],[2.252612,49.003451],[2.252461,49.002808],[2.252207,49.001853],[2.25249,49.001808],[2.253271,49.001623],[2.254695,49.000969],[2.255519,49.000565],[2.256129,49.000253],[2.256446,48.999888],[2.256923,48.999857],[2.257197,48.999813],[2.258238,48.999605],[2.258508,48.999495],[2.258733,48.999476],[2.260803,48.998909],[2.261518,48.99874],[2.262501,48.998421],[2.263362,48.998127],[2.26394,48.999661],[2.264225,49.0005],[2.264235,49.000825],[2.265097,49.000945],[2.265769,49.000996],[2.266211,49.00096],[2.2667,49.000845],[2.267273,49.001555],[2.270433,49.004655],[2.271119,49.005356],[2.272197,49.006428],[2.272495,49.006694],[2.272971,49.006505],[2.273214,49.006442],[2.274419,49.006186],[2.274918,49.006063],[2.275421,49.00588],[2.276562,49.00544],[2.27693,49.005286],[2.278318,49.004672],[2.279419,49.004213],[2.280366,49.003827],[2.281032,49.003621],[2.281462,49.003539],[2.282988,49.003039],[2.282612,49.002789],[2.282096,49.002691],[2.281906,49.002441],[2.281935,49.00228],[2.282044,49.002116],[2.282268,49.001927],[2.283362,49.001574],[2.283863,49.001482],[2.28374,49.001263],[2.283613,49.000916],[2.283524,49.00041],[2.283213,48.999856],[2.283132,48.999771],[2.282814,48.999592],[2.28211,48.999267],[2.281986,48.998991],[2.281856,48.998868],[2.281719,48.998822],[2.281601,48.998644],[2.281419,48.998543],[2.281178,48.998273],[2.281147,48.998164],[2.28265,48.997866],[2.284667,48.99748],[2.284819,48.997463],[2.285944,48.997465],[2.286451,48.997434],[2.288375,48.997154],[2.289274,48.996997],[2.290142,48.996798],[2.290551,48.996642],[2.29132,48.996385],[2.292009,48.996138],[2.292845,48.995883],[2.291401,48.993617],[2.290304,48.992154],[2.289824,48.991549],[2.289753,48.991573],[2.289403,48.991133],[2.28925,48.990887],[2.289129,48.9908],[2.288956,48.990496],[2.288361,48.989708],[2.287323,48.988514],[2.286848,48.988061],[2.286599,48.988202],[2.285383,48.987264],[2.285837,48.987037],[2.284015,48.985643],[2.284384,48.985322],[2.284996,48.984631],[2.285469,48.984221],[2.285602,48.984069],[2.285789,48.983786],[2.286136,48.983203],[2.286353,48.982875],[2.286623,48.982555],[2.286848,48.982353],[2.286962,48.982344],[2.287405,48.982141],[2.287594,48.981888],[2.28825,48.981451],[2.28875,48.981091],[2.288846,48.980914],[2.28944,48.980351],[2.290588,48.979637],[2.290976,48.979416],[2.291532,48.979054],[2.291749,48.978851],[2.291639,48.97861],[2.29159,48.978383],[2.291585,48.978057],[2.291632,48.976772],[2.291135,48.976966],[2.289927,48.977332],[2.289872,48.977219],[2.289621,48.976984],[2.288259,48.977087],[2.286666,48.977222],[2.283298,48.977482],[2.282633,48.97751],[2.282605,48.977206],[2.28224,48.977025],[2.281693,48.976877],[2.281043,48.976742],[2.280697,48.976653],[2.280027,48.976507],[2.27895,48.976332],[2.278076,48.976202],[2.277322,48.976005],[2.276699,48.97581],[2.276474,48.975786],[2.276109,48.975825],[2.275785,48.975913],[2.275041,48.976212],[2.274592,48.976436],[2.273843,48.976779],[2.273661,48.976592],[2.273392,48.976675],[2.272405,48.975666],[2.272377,48.9756],[2.271635,48.974837],[2.272197,48.974514],[2.271962,48.974217],[2.271092,48.973064],[2.273162,48.972631],[2.273552,48.972555],[2.273502,48.972433],[2.274051,48.972287],[2.27345,48.971156],[2.273538,48.971164],[2.273003,48.970315],[2.273947,48.970125],[2.273814,48.969861],[2.27526,48.969235],[2.275074,48.968815],[2.276066,48.96854],[2.275369,48.967563],[2.27528,48.967395],[2.274963,48.966993],[2.274733,48.967051],[2.274209,48.967142],[2.273615,48.965443],[2.273957,48.965376],[2.275335,48.965245],[2.275264,48.964907],[2.274524,48.965009],[2.274193,48.963957],[2.273676,48.963782],[2.273102,48.963654],[2.273085,48.963692],[2.273081,48.964239],[2.271336,48.964296],[2.271277,48.964168],[2.271163,48.964106],[2.269317,48.963998],[2.268824,48.963951],[2.268425,48.963855],[2.267815,48.963658],[2.267836,48.963451],[2.267794,48.963177],[2.267051,48.963112],[2.266779,48.963105],[2.265726,48.963134],[2.265632,48.962945],[2.265531,48.962911],[2.265055,48.962988],[2.264603,48.962155],[2.26447,48.962026],[2.264046,48.962149],[2.263693,48.962006],[2.263254,48.962327],[2.263166,48.96233],[2.261716,48.962697],[2.261096,48.962883],[2.260741,48.962949],[2.260275,48.963088],[2.258946,48.963464],[2.258792,48.963426],[2.258205,48.963523],[2.256942,48.963672],[2.256854,48.963422],[2.255693,48.963552],[2.255155,48.963597],[2.254712,48.963666],[2.254598,48.96373],[2.254414,48.963467],[2.253701,48.963686],[2.253627,48.96349],[2.252663,48.963524],[2.249993,48.963647],[2.250021,48.963698],[2.24909,48.963884],[2.249122,48.963966],[2.248178,48.964161],[2.248636,48.964608],[2.249268,48.965252],[2.249415,48.965332],[2.248729,48.965602],[2.248065,48.965896],[2.247439,48.966063],[2.246917,48.966306],[2.245884,48.96659],[2.245916,48.966676],[2.245353,48.966731],[2.244961,48.966807],[2.24446,48.966867],[2.244526,48.966954],[2.244213,48.966983],[2.243784,48.967067],[2.243486,48.967215],[2.243025,48.966847],[2.242783,48.966577],[2.242445,48.966721],[2.242048,48.966815],[2.241491,48.966904],[2.241085,48.966876],[2.240969,48.966903],[2.240446,48.967165],[2.240139,48.967203],[2.2387,48.967497],[2.238388,48.967628],[2.23805,48.967723],[2.237617,48.967929],[2.236567,48.968215],[2.23608,48.9683],[2.235558,48.968325],[2.234607,48.968205],[2.234001,48.968074],[2.233752,48.967997],[2.233042,48.967875],[2.231752,48.967487],[2.231618,48.967842],[2.231586,48.968005],[2.231386,48.968472],[2.231146,48.968826],[2.230395,48.969447],[2.230242,48.969546],[2.230295,48.969678],[2.230371,48.970131],[2.225733,48.971025],[2.225431,48.971118],[2.22478,48.971473],[2.224576,48.971631],[2.224065,48.971937],[2.223515,48.972185],[2.22312,48.972327],[2.222715,48.972421],[2.220649,48.970028],[2.220142,48.97015],[2.219513,48.969533],[2.218747,48.968893],[2.218502,48.969009],[2.21778,48.968117],[2.217255,48.967642],[2.214935,48.965245],[2.214542,48.964782],[2.213522,48.963727],[2.213149,48.963887],[2.212788,48.964066],[2.211486,48.964749],[2.211217,48.964478],[2.210937,48.964255],[2.210324,48.963688],[2.2099,48.963317],[2.20922,48.962697],[2.208772,48.962309],[2.208317,48.961886],[2.207765,48.96144],[2.206902,48.96062],[2.206495,48.96027],[2.205697,48.959291],[2.205208,48.958731],[2.20516,48.958626],[2.204956,48.958384],[2.204437,48.957972],[2.203896,48.957358],[2.203319,48.956566],[2.204539,48.956114],[2.20485,48.956013],[2.205337,48.955952],[2.205503,48.95413],[2.205605,48.953157],[2.205705,48.952079],[2.205817,48.95074],[2.205852,48.950408],[2.205867,48.949861],[2.205486,48.949905],[2.204773,48.949904],[2.201113,48.950338],[2.200585,48.950359],[2.200365,48.949694],[2.199037,48.949787],[2.197626,48.949952],[2.196255,48.95014],[2.194374,48.950386],[2.193987,48.95046],[2.193823,48.950582],[2.193156,48.950555],[2.192705,48.950553],[2.191887,48.950455],[2.191336,48.950372],[2.190812,48.950353],[2.189762,48.950432],[2.18971,48.950459],[2.190178,48.951737],[2.190204,48.95177],[2.187953,48.952331],[2.186637,48.95265],[2.185628,48.952922],[2.185113,48.953039],[2.18401,48.953319],[2.183832,48.95312],[2.181699,48.953574],[2.177948,48.954563],[2.177207,48.953719],[2.176892,48.953389],[2.176324,48.952718],[2.175848,48.952188],[2.175741,48.952132],[2.175148,48.952383],[2.17519,48.952427],[2.17333,48.953478],[2.174472,48.954288],[2.174812,48.954644],[2.175499,48.955335],[2.175903,48.955793],[2.176378,48.956377],[2.176901,48.957076],[2.177497,48.957835],[2.177773,48.958319],[2.178004,48.958807],[2.178127,48.95902],[2.178219,48.959635],[2.178264,48.959933],[2.178297,48.960675],[2.178255,48.961188],[2.178112,48.962384],[2.178054,48.963267],[2.178196,48.963878],[2.178539,48.964917],[2.178818,48.965734],[2.179054,48.966091],[2.178468,48.966282],[2.178005,48.96646],[2.177809,48.966604],[2.177548,48.966872],[2.177325,48.967195],[2.177169,48.967498],[2.177125,48.967756],[2.177169,48.967993],[2.177115,48.968481],[2.176934,48.968892],[2.176845,48.969039],[2.176397,48.969503],[2.176098,48.969981],[2.175626,48.971278],[2.175504,48.97174],[2.175493,48.971994],[2.17554,48.972255],[2.175575,48.972919],[2.175271,48.973582],[2.174716,48.974104],[2.174298,48.974532],[2.17382,48.975047],[2.173222,48.975571],[2.172599,48.976089],[2.171627,48.977072],[2.170636,48.978224],[2.170545,48.978391],[2.170442,48.978445],[2.169952,48.978593],[2.169475,48.97881],[2.168939,48.979097],[2.16834,48.979471],[2.166692,48.980464],[2.166269,48.980808],[2.166017,48.981107],[2.165903,48.981299],[2.165622,48.981597],[2.164683,48.982149],[2.164115,48.982383],[2.163381,48.982514],[2.162705,48.982661],[2.162371,48.98277],[2.162024,48.982843],[2.161573,48.982965],[2.161114,48.983189],[2.160914,48.983248],[2.160493,48.983462],[2.159216,48.983967],[2.158302,48.984212],[2.156337,48.984895],[2.156088,48.985079],[2.155892,48.985363],[2.155704,48.985589],[2.150469,48.986455],[2.149799,48.986388],[2.148935,48.986437],[2.148314,48.986498],[2.147683,48.986609],[2.147349,48.986691],[2.146235,48.987016],[2.144455,48.987504],[2.143459,48.987758],[2.142648,48.987944],[2.141629,48.988125],[2.14015,48.988283],[2.13808,48.988292],[2.137628,48.988287],[2.136933,48.988304],[2.136164,48.988369],[2.135393,48.988485],[2.134811,48.988537],[2.134115,48.988615],[2.133263,48.988694],[2.132137,48.988694],[2.130149,48.988776],[2.128814,48.988882],[2.128157,48.98896],[2.12763,48.98906],[2.126997,48.989237],[2.126531,48.989407],[2.126256,48.989541],[2.125898,48.989792],[2.125561,48.990058],[2.124965,48.990656],[2.12454,48.991024],[2.123926,48.991485],[2.123636,48.991659],[2.124011,48.993594],[2.123325,48.993568],[2.122479,48.993484],[2.121561,48.993369],[2.120713,48.9933],[2.121053,48.995484],[2.122023,48.998627],[2.12237,48.999812],[2.12262,49.000616],[2.122782,49.001209],[2.122905,49.001595],[2.122955,49.00166],[2.123127,49.002304],[2.123562,49.003692],[2.125629,49.007056],[2.12712,49.009672],[2.126846,49.011084],[2.126703,49.012202],[2.124232,49.014979],[2.122733,49.01666],[2.121254,49.018332],[2.120986,49.018101]]]}},{"type":"Feature","properties":{"code":"200073013","name":"CC Carnelle Pays-de-France","special":false},"geometry":{"type":"Polygon","coordinates":[[[2.4389,49.141639],[2.438041,49.139633],[2.437561,49.138608],[2.436735,49.136629],[2.43571,49.13448],[2.435477,49.134049],[2.435764,49.134118],[2.436567,49.134269],[2.437219,49.134376],[2.437555,49.134413],[2.438415,49.134281],[2.438948,49.134285],[2.440003,49.134161],[2.440305,49.134178],[2.440954,49.134443],[2.442016,49.134898],[2.443132,49.135139],[2.444396,49.135351],[2.445036,49.135441],[2.446267,49.135671],[2.446886,49.135827],[2.447703,49.136006],[2.448579,49.136379],[2.448961,49.136579],[2.450227,49.137212],[2.451219,49.13757],[2.45155,49.137661],[2.451946,49.137806],[2.453744,49.138614],[2.453577,49.138814],[2.453859,49.139009],[2.45435,49.139297],[2.454799,49.139498],[2.45528,49.13974],[2.455923,49.139996],[2.456434,49.140284],[2.456961,49.140541],[2.45745,49.140617],[2.457942,49.140819],[2.458536,49.140806],[2.458584,49.140776],[2.458873,49.140902],[2.458933,49.14085],[2.462465,49.139257],[2.461138,49.136744],[2.461191,49.136755],[2.461286,49.136142],[2.464842,49.136248],[2.464797,49.136105],[2.465223,49.136113],[2.46662,49.136097],[2.467595,49.136102],[2.467628,49.136055],[2.467557,49.135013],[2.468843,49.134908],[2.46883,49.134731],[2.469503,49.134681],[2.469713,49.135288],[2.470105,49.1352],[2.470628,49.135044],[2.470812,49.1353],[2.471189,49.135264],[2.47154,49.135404],[2.471745,49.135083],[2.472502,49.134222],[2.472954,49.133692],[2.474558,49.131847],[2.474861,49.13151],[2.475304,49.130983],[2.477511,49.13098],[2.476158,49.129443],[2.475313,49.128462],[2.475346,49.128446],[2.47676,49.128121],[2.483246,49.126607],[2.487289,49.125646],[2.487312,49.12565],[2.489568,49.12501],[2.494386,49.123596],[2.496531,49.122973],[2.497826,49.122588],[2.499083,49.12224],[2.49913,49.122164],[2.499816,49.121383],[2.502305,49.118519],[2.50297,49.117769],[2.503013,49.117666],[2.498272,49.115142],[2.491838,49.111726],[2.491218,49.11142],[2.491423,49.111083],[2.491366,49.110421],[2.491257,49.110113],[2.490953,49.108823],[2.490769,49.108221],[2.4904,49.107212],[2.490068,49.106246],[2.489877,49.106317],[2.489079,49.106508],[2.488208,49.106652],[2.48645,49.106833],[2.484634,49.106996],[2.48409,49.107008],[2.484011,49.106878],[2.483212,49.106704],[2.481749,49.106439],[2.480286,49.106234],[2.479928,49.105042],[2.479787,49.104437],[2.47972,49.104002],[2.479625,49.103655],[2.478944,49.102372],[2.478161,49.100279],[2.478349,49.100217],[2.478702,49.100174],[2.478505,49.099633],[2.478424,49.099469],[2.478274,49.099029],[2.477939,49.098248],[2.477436,49.097227],[2.478394,49.097176],[2.478341,49.09695],[2.478111,49.096971],[2.477979,49.09652],[2.477816,49.096042],[2.477816,49.095796],[2.478209,49.095768],[2.478253,49.094246],[2.478545,49.094099],[2.479227,49.094129],[2.479266,49.094049],[2.479461,49.094101],[2.479747,49.094256],[2.480124,49.094358],[2.480301,49.094359],[2.480269,49.094478],[2.48038,49.094635],[2.480515,49.094643],[2.480748,49.09455],[2.48092,49.094591],[2.481079,49.09469],[2.482172,49.094499],[2.482642,49.094497],[2.482871,49.094574],[2.483448,49.09454],[2.483818,49.094495],[2.483853,49.094388],[2.484148,49.094351],[2.484657,49.094331],[2.485041,49.094342],[2.485222,49.094311],[2.485634,49.094489],[2.485758,49.094489],[2.486833,49.094335],[2.487144,49.094332],[2.48728,49.094249],[2.487666,49.094308],[2.487811,49.094046],[2.488052,49.093783],[2.488173,49.093711],[2.488507,49.093603],[2.488953,49.093569],[2.48797,49.091411],[2.488174,49.091355],[2.487716,49.090634],[2.487592,49.090375],[2.487075,49.089919],[2.486736,49.089584],[2.486496,49.0894],[2.486192,49.089352],[2.485921,49.089385],[2.485205,49.08923],[2.484402,49.089163],[2.484052,49.089094],[2.483906,49.088923],[2.483856,49.088744],[2.483872,49.087919],[2.48382,49.087502],[2.48374,49.087224],[2.483516,49.086575],[2.483234,49.085931],[2.482956,49.084963],[2.482786,49.084522],[2.48222,49.083411],[2.481766,49.082618],[2.481524,49.082254],[2.481364,49.081922],[2.481194,49.081511],[2.480984,49.080946],[2.480722,49.080339],[2.480436,49.079767],[2.480341,49.0795],[2.480046,49.078889],[2.479789,49.078441],[2.479476,49.078148],[2.478363,49.077336],[2.477731,49.076911],[2.477307,49.076596],[2.476746,49.07608],[2.47617,49.075511],[2.475668,49.074949],[2.475341,49.074418],[2.474876,49.073554],[2.474766,49.073399],[2.47456,49.073196],[2.474121,49.072895],[2.473473,49.072577],[2.473068,49.072287],[2.472783,49.071974],[2.472628,49.071678],[2.472342,49.071063],[2.47227,49.07102],[2.472375,49.0706],[2.472349,49.069988],[2.472136,49.068295],[2.472079,49.068211],[2.472231,49.067865],[2.473759,49.066029],[2.475199,49.064722],[2.479963,49.058838],[2.482656,49.055513],[2.481685,49.055344],[2.481334,49.055368],[2.476647,49.055596],[2.475555,49.055638],[2.474727,49.055697],[2.474043,49.055765],[2.473646,49.055818],[2.473325,49.055886],[2.473004,49.055991],[2.471542,49.056621],[2.470186,49.057333],[2.469797,49.057511],[2.469986,49.057723],[2.463758,49.06047],[2.463332,49.060159],[2.462864,49.059885],[2.462453,49.059701],[2.462028,49.059459],[2.461274,49.058997],[2.460955,49.058768],[2.459808,49.059064],[2.459267,49.059171],[2.457125,49.059704],[2.45498,49.060039],[2.454246,49.060186],[2.452341,49.060548],[2.452441,49.061127],[2.451744,49.061369],[2.450379,49.061808],[2.449767,49.061996],[2.450103,49.062642],[2.448562,49.063089],[2.447399,49.063445],[2.448323,49.064407],[2.445166,49.065447],[2.445398,49.065784],[2.446021,49.066955],[2.444617,49.067279],[2.443756,49.067467],[2.443157,49.067539],[2.441346,49.067624],[2.440213,49.067684],[2.439724,49.067751],[2.438927,49.067896],[2.437492,49.066211],[2.43743,49.066098],[2.436601,49.065065],[2.43454,49.062586],[2.428962,49.060463],[2.42369,49.058479],[2.423576,49.05765],[2.419471,49.057695],[2.415619,49.057727],[2.415563,49.056044],[2.414683,49.056069],[2.413258,49.056195],[2.413371,49.057089],[2.410832,49.057123],[2.40852,49.05718],[2.408299,49.056978],[2.407533,49.056328],[2.407259,49.056359],[2.404307,49.059342],[2.401594,49.062052],[2.400642,49.062652],[2.399118,49.063595],[2.400719,49.064982],[2.399443,49.065735],[2.397973,49.066624],[2.39602,49.067778],[2.394129,49.068911],[2.393493,49.06858],[2.392812,49.068365],[2.387546,49.06676],[2.385688,49.066183],[2.385774,49.066512],[2.385982,49.066992],[2.38628,49.067746],[2.386432,49.068372],[2.386066,49.068217],[2.385122,49.067782],[2.383544,49.067081],[2.38091,49.065877],[2.375481,49.063454],[2.373817,49.064549],[2.373092,49.065021],[2.370783,49.066406],[2.367256,49.068333],[2.364667,49.068903],[2.363885,49.068969],[2.357287,49.069514],[2.353948,49.069778],[2.354154,49.07],[2.352307,49.070964],[2.35146,49.071378],[2.350634,49.071765],[2.349462,49.072365],[2.348559,49.07284],[2.34605,49.074102],[2.345533,49.073714],[2.344183,49.072605],[2.344146,49.073251],[2.344069,49.073704],[2.344042,49.074197],[2.343991,49.074484],[2.34178,49.074077],[2.34178,49.074311],[2.341704,49.074925],[2.341429,49.076066],[2.33944,49.076419],[2.338325,49.076615],[2.337919,49.076302],[2.337803,49.076243],[2.337324,49.076117],[2.335027,49.075615],[2.334527,49.075491],[2.334965,49.07393],[2.335392,49.072202],[2.33542,49.072045],[2.335061,49.071894],[2.33453,49.071636],[2.334111,49.071451],[2.335581,49.071409],[2.334407,49.068648],[2.333729,49.067451],[2.331127,49.068227],[2.331427,49.066824],[2.331479,49.066612],[2.328819,49.066374],[2.329216,49.065636],[2.329438,49.065193],[2.329624,49.064747],[2.329867,49.064112],[2.330084,49.063638],[2.330351,49.062909],[2.330629,49.062235],[2.330961,49.061313],[2.331168,49.060803],[2.331639,49.059557],[2.331768,49.059123],[2.331956,49.058891],[2.332175,49.05857],[2.33291,49.0568],[2.33413,49.053843],[2.335066,49.051408],[2.335473,49.050361],[2.334537,49.050208],[2.334357,49.050126],[2.334508,49.049703],[2.334723,49.049686],[2.334283,49.049289],[2.333455,49.049624],[2.332476,49.050034],[2.332011,49.050244],[2.330828,49.050716],[2.329389,49.051573],[2.328909,49.051706],[2.32805,49.051885],[2.327415,49.051972],[2.326875,49.051968],[2.326261,49.051861],[2.32539,49.051724],[2.325018,49.051677],[2.324649,49.0517],[2.324078,49.051793],[2.323231,49.052031],[2.323174,49.051171],[2.323124,49.051102],[2.321826,49.050875],[2.321529,49.050817],[2.321077,49.050757],[2.320476,49.050648],[2.319433,49.050399],[2.318068,49.050033],[2.317613,49.049919],[2.317467,49.049844],[2.317235,49.049637],[2.317124,49.049421],[2.316982,49.049387],[2.316112,49.04941],[2.313685,49.049418],[2.312682,49.049417],[2.312555,49.049401],[2.311348,49.048937],[2.310148,49.048427],[2.308668,49.047822],[2.308234,49.047663],[2.306738,49.04721],[2.306801,49.046942],[2.306276,49.046978],[2.304296,49.046982],[2.304074,49.047129],[2.303686,49.047307],[2.303115,49.047522],[2.302515,49.047708],[2.301482,49.048101],[2.300603,49.04848],[2.300713,49.048577],[2.300793,49.048799],[2.300722,49.048981],[2.300513,49.049285],[2.299926,49.050227],[2.299904,49.050299],[2.298921,49.050152],[2.298517,49.050104],[2.297455,49.04981],[2.296979,49.049602],[2.296515,49.049362],[2.295315,49.048656],[2.295113,49.048507],[2.294821,49.048686],[2.293703,49.047995],[2.292298,49.047305],[2.290639,49.046473],[2.290266,49.046305],[2.287425,49.048997],[2.286337,49.050023],[2.286195,49.050234],[2.285946,49.050086],[2.285789,49.049906],[2.285022,49.049183],[2.284816,49.049013],[2.284461,49.049271],[2.283902,49.049631],[2.28356,49.049756],[2.283202,49.049823],[2.282799,49.049834],[2.282251,49.049801],[2.282182,49.049628],[2.281738,49.049419],[2.281516,49.049265],[2.280938,49.049266],[2.280717,49.049228],[2.280698,49.04942],[2.280471,49.050137],[2.280351,49.050562],[2.280267,49.050701],[2.27995,49.051003],[2.279806,49.051235],[2.279672,49.051628],[2.279409,49.052145],[2.279162,49.052751],[2.27904,49.052914],[2.278988,49.053057],[2.278984,49.053294],[2.278913,49.054265],[2.278927,49.054427],[2.279133,49.055048],[2.279044,49.055191],[2.279096,49.055552],[2.279092,49.056052],[2.279132,49.057091],[2.279184,49.057807],[2.279177,49.058113],[2.279099,49.058503],[2.279084,49.058782],[2.27888,49.059348],[2.278828,49.059685],[2.278913,49.060363],[2.279033,49.060703],[2.27915,49.060918],[2.279253,49.061207],[2.279485,49.06173],[2.279506,49.061919],[2.279703,49.062255],[2.280114,49.062748],[2.280908,49.064317],[2.280582,49.064354],[2.281167,49.065337],[2.281129,49.065429],[2.281176,49.065805],[2.280437,49.065828],[2.279894,49.065697],[2.279501,49.065541],[2.278929,49.06549],[2.278572,49.065477],[2.278127,49.065399],[2.27748,49.065218],[2.276654,49.064859],[2.275879,49.064628],[2.275348,49.064509],[2.274613,49.06442],[2.273746,49.064292],[2.273124,49.064177],[2.272451,49.064012],[2.272034,49.064009],[2.271696,49.064076],[2.271402,49.064202],[2.271447,49.064524],[2.271587,49.065149],[2.271668,49.065686],[2.272154,49.065798],[2.273453,49.066162],[2.273391,49.066355],[2.273404,49.066659],[2.27352,49.067013],[2.273844,49.067776],[2.274116,49.068276],[2.274427,49.068733],[2.271814,49.069249],[2.270963,49.069829],[2.270251,49.070442],[2.269853,49.07093],[2.269392,49.073007],[2.26971,49.074329],[2.26989,49.074514],[2.269848,49.074743],[2.270027,49.075082],[2.270386,49.075243],[2.270804,49.075407],[2.271483,49.075598],[2.271829,49.075763],[2.272193,49.075878],[2.27278,49.075973],[2.273092,49.076095],[2.273373,49.076445],[2.273706,49.076565],[2.273911,49.076588],[2.274024,49.076668],[2.27472,49.077023],[2.275334,49.076707],[2.275602,49.076605],[2.27706,49.075795],[2.278081,49.075488],[2.278443,49.075445],[2.278645,49.075377],[2.278906,49.074446],[2.279945,49.074006],[2.280172,49.073876],[2.28032,49.073747],[2.281138,49.074851],[2.282389,49.076757],[2.282513,49.076882],[2.283439,49.078216],[2.283714,49.078601],[2.284055,49.079082],[2.285282,49.080777],[2.286039,49.081874],[2.286734,49.082834],[2.287297,49.083651],[2.287499,49.083578],[2.288084,49.083461],[2.289864,49.08354],[2.289581,49.083687],[2.290345,49.084583],[2.290075,49.08469],[2.290892,49.085223],[2.290592,49.085355],[2.291175,49.085856],[2.291609,49.085575],[2.292264,49.086001],[2.292232,49.086133],[2.292012,49.086497],[2.291645,49.087041],[2.291451,49.087515],[2.291453,49.087738],[2.293728,49.087959],[2.293404,49.088341],[2.296105,49.089526],[2.297064,49.089781],[2.297846,49.08997],[2.298605,49.090066],[2.300699,49.090637],[2.301624,49.091262],[2.301177,49.091504],[2.302904,49.092177],[2.302694,49.093828],[2.302361,49.094552],[2.30217,49.094494],[2.301554,49.09521],[2.301154,49.095832],[2.301155,49.095872],[2.301425,49.096193],[2.301531,49.096447],[2.301734,49.097135],[2.302708,49.098016],[2.303272,49.098407],[2.303955,49.09867],[2.305404,49.100557],[2.305739,49.100896],[2.305915,49.100762],[2.306035,49.100468],[2.306108,49.100377],[2.307374,49.100156],[2.307312,49.100016],[2.307366,49.099573],[2.30753,49.099258],[2.307771,49.09899],[2.308052,49.098562],[2.312054,49.097351],[2.312201,49.09757],[2.312414,49.097886],[2.312222,49.097951],[2.31196,49.098105],[2.311759,49.09833],[2.311583,49.098454],[2.310994,49.098812],[2.310915,49.098927],[2.310751,49.098974],[2.309998,49.0991],[2.309826,49.099167],[2.309612,49.099319],[2.309487,49.099336],[2.309285,49.099438],[2.308826,49.099623],[2.308503,49.099805],[2.309743,49.100385],[2.310267,49.100644],[2.310115,49.100906],[2.309773,49.101308],[2.309692,49.101523],[2.309368,49.102013],[2.308982,49.102318],[2.308779,49.102419],[2.308949,49.103633],[2.308453,49.104163],[2.309224,49.104839],[2.309498,49.105181],[2.30991,49.105759],[2.310235,49.1061],[2.310502,49.106314],[2.310636,49.106548],[2.311202,49.107059],[2.311634,49.107423],[2.311763,49.107673],[2.311853,49.107924],[2.311901,49.108215],[2.312017,49.108393],[2.312448,49.108627],[2.312764,49.108719],[2.31321,49.108891],[2.313288,49.108965],[2.314494,49.109234],[2.315247,49.109455],[2.31548,49.109541],[2.315006,49.110054],[2.313946,49.111292],[2.313773,49.111482],[2.313468,49.111752],[2.312955,49.112085],[2.312297,49.112556],[2.311796,49.112882],[2.311481,49.113041],[2.311123,49.113324],[2.310504,49.113726],[2.310893,49.113921],[2.312413,49.114638],[2.315478,49.116069],[2.317344,49.116924],[2.318628,49.117539],[2.31876,49.117593],[2.318789,49.117685],[2.318849,49.118247],[2.319451,49.121338],[2.319471,49.121538],[2.319586,49.122195],[2.31972,49.122694],[2.319902,49.123721],[2.320062,49.124856],[2.320345,49.124792],[2.321383,49.124597],[2.322876,49.124302],[2.333164,49.122246],[2.333302,49.122234],[2.33406,49.122094],[2.334381,49.122267],[2.335575,49.122801],[2.336786,49.123312],[2.336141,49.124336],[2.336595,49.124549],[2.336592,49.125978],[2.336718,49.126168],[2.336752,49.12629],[2.336699,49.126483],[2.336708,49.126643],[2.33687,49.126913],[2.336942,49.127104],[2.337212,49.127695],[2.337395,49.128171],[2.337563,49.128451],[2.338033,49.129157],[2.338604,49.130174],[2.339243,49.130996],[2.339913,49.131632],[2.340504,49.131908],[2.341103,49.132118],[2.340915,49.133436],[2.341013,49.134107],[2.341108,49.134649],[2.341222,49.135464],[2.340973,49.136838],[2.340858,49.137681],[2.340787,49.138038],[2.340849,49.138762],[2.340871,49.139933],[2.340202,49.141963],[2.340084,49.142977],[2.33888,49.146052],[2.339493,49.146237],[2.34075,49.146391],[2.342356,49.146344],[2.344265,49.146109],[2.347124,49.145666],[2.349393,49.145271],[2.350877,49.145122],[2.352925,49.14527],[2.353828,49.145382],[2.356464,49.146027],[2.357932,49.146645],[2.358816,49.147006],[2.359343,49.147329],[2.359541,49.147461],[2.359792,49.147672],[2.360105,49.14797],[2.360369,49.148252],[2.361058,49.149122],[2.361307,49.149482],[2.361769,49.150188],[2.362007,49.15067],[2.362188,49.151185],[2.362246,49.151476],[2.362267,49.151808],[2.36226,49.152174],[2.362214,49.152539],[2.363082,49.152507],[2.363511,49.152386],[2.363839,49.152479],[2.364017,49.152481],[2.364359,49.152329],[2.364868,49.152286],[2.365037,49.152351],[2.364925,49.152448],[2.365017,49.15286],[2.365001,49.152972],[2.364884,49.153143],[2.365001,49.153329],[2.364871,49.153548],[2.365115,49.153716],[2.365187,49.154031],[2.365304,49.154103],[2.365654,49.154021],[2.365955,49.154],[2.366303,49.153899],[2.366535,49.153968],[2.366543,49.154234],[2.366644,49.154429],[2.36651,49.154523],[2.366336,49.154465],[2.366193,49.154508],[2.366046,49.154803],[2.366208,49.154951],[2.366494,49.154847],[2.366607,49.155276],[2.366985,49.155399],[2.367043,49.155462],[2.36708,49.155796],[2.367164,49.15587],[2.367369,49.155803],[2.367516,49.155698],[2.367622,49.155759],[2.367727,49.156026],[2.367928,49.156077],[2.368268,49.155934],[2.368394,49.156062],[2.368712,49.156283],[2.368885,49.156319],[2.369276,49.156164],[2.369496,49.156186],[2.369619,49.156244],[2.369809,49.156434],[2.369798,49.156581],[2.369699,49.156791],[2.369708,49.156887],[2.369847,49.156915],[2.370055,49.156806],[2.370274,49.156849],[2.370299,49.156926],[2.3702,49.157123],[2.370245,49.157251],[2.370391,49.157384],[2.370498,49.157659],[2.370412,49.157852],[2.370162,49.158066],[2.370191,49.158359],[2.370049,49.15853],[2.370008,49.158713],[2.370103,49.158798],[2.370227,49.158799],[2.370405,49.158674],[2.370708,49.15866],[2.370902,49.158803],[2.370936,49.158972],[2.370925,49.159197],[2.371093,49.159262],[2.372288,49.159375],[2.372763,49.159461],[2.373072,49.159451],[2.373311,49.159373],[2.373805,49.159208],[2.374032,49.159165],[2.374349,49.159168],[2.374707,49.159221],[2.375032,49.159236],[2.375819,49.159131],[2.376364,49.159044],[2.377988,49.158529],[2.378723,49.158262],[2.378976,49.158202],[2.379627,49.158184],[2.37998,49.158147],[2.380456,49.158043],[2.380817,49.15787],[2.381024,49.157721],[2.381428,49.157327],[2.382153,49.156678],[2.383424,49.155602],[2.3835,49.155506],[2.385111,49.154216],[2.386443,49.153138],[2.389708,49.150517],[2.390969,49.14949],[2.3912,49.149314],[2.391299,49.149313],[2.392274,49.149481],[2.395009,49.149941],[2.397065,49.150292],[2.397884,49.150436],[2.399892,49.150779],[2.400024,49.150747],[2.400335,49.150784],[2.400722,49.150932],[2.401281,49.151089],[2.401764,49.151265],[2.402495,49.151468],[2.40275,49.151523],[2.404282,49.151898],[2.40475,49.151962],[2.405481,49.152043],[2.406678,49.15211],[2.40846,49.152194],[2.410059,49.152275],[2.411602,49.152339],[2.413122,49.152418],[2.414757,49.152009],[2.415612,49.151775],[2.415541,49.149891],[2.415816,49.149881],[2.416995,49.149697],[2.417181,49.149702],[2.417497,49.149808],[2.417932,49.149636],[2.418122,49.149596],[2.41852,49.149602],[2.419069,49.149583],[2.419543,49.14945],[2.419845,49.149467],[2.4204,49.149579],[2.420869,49.149543],[2.421218,49.149585],[2.421705,49.149505],[2.422074,49.149384],[2.422227,49.149408],[2.422528,49.149573],[2.422723,49.149598],[2.42303,49.149587],[2.42388,49.149476],[2.424058,49.149473],[2.424544,49.149546],[2.4247,49.149546],[2.425669,49.149443],[2.426216,49.149349],[2.426691,49.149214],[2.427059,49.149165],[2.427665,49.149133],[2.428511,49.148947],[2.429096,49.148853],[2.429665,49.148683],[2.429825,49.148663],[2.430196,49.148555],[2.430723,49.148509],[2.431213,49.148433],[2.431593,49.148311],[2.431976,49.148326],[2.432474,49.148156],[2.432722,49.1482],[2.433434,49.148103],[2.433836,49.14799],[2.434144,49.147768],[2.435099,49.147721],[2.435263,49.147693],[2.435538,49.147384],[2.435728,49.147258],[2.436203,49.14708],[2.43669,49.146983],[2.436826,49.146916],[2.437113,49.146668],[2.437586,49.146513],[2.438084,49.146409],[2.438441,49.146364],[2.439682,49.146373],[2.440304,49.146137],[2.440781,49.14591],[2.440394,49.144813],[2.4389,49.141639]]]}},{"type":"Feature","properties":{"code":"249500109","name":"CA de Cergy-Pontoise","special":false},"geometry":{"type":"Polygon","coordinates":[[[2.120383,49.064699],[2.121563,49.063935],[2.124828,49.065541],[2.125034,49.065344],[2.12517,49.065412],[2.125845,49.064898],[2.125934,49.064953],[2.127005,49.063997],[2.127426,49.064181],[2.128052,49.064406],[2.128683,49.064662],[2.129207,49.064902],[2.129976,49.065382],[2.130527,49.065773],[2.13106,49.066122],[2.131595,49.066371],[2.132172,49.066588],[2.132892,49.066805],[2.134005,49.067029],[2.134699,49.0671],[2.135485,49.067125],[2.135927,49.067116],[2.136373,49.067084],[2.136972,49.066988],[2.138725,49.066609],[2.139253,49.066526],[2.139734,49.066473],[2.140378,49.066434],[2.140987,49.06643],[2.141571,49.066455],[2.141627,49.066275],[2.141873,49.0661],[2.142519,49.066039],[2.143672,49.066027],[2.144509,49.066028],[2.1462,49.065996],[2.147012,49.065994],[2.148023,49.065962],[2.148507,49.065901],[2.149285,49.065731],[2.149244,49.065465],[2.149153,49.065178],[2.148961,49.064758],[2.148783,49.064628],[2.14823,49.064365],[2.147548,49.064017],[2.147068,49.063733],[2.145388,49.062603],[2.145303,49.06248],[2.145177,49.062138],[2.146211,49.061971],[2.146793,49.061956],[2.147567,49.062064],[2.147877,49.061562],[2.14838,49.06166],[2.148607,49.061164],[2.149109,49.061273],[2.150019,49.061447],[2.150491,49.061597],[2.150579,49.061507],[2.150847,49.06133],[2.151077,49.061245],[2.152627,49.057009],[2.153372,49.051908],[2.151493,49.051628],[2.15155,49.050135],[2.150444,49.049944],[2.150452,49.049862],[2.15018,49.049864],[2.149306,49.049828],[2.149393,49.04877],[2.149459,49.048524],[2.149847,49.048525],[2.150103,49.047949],[2.150329,49.047528],[2.150777,49.046975],[2.150786,49.046842],[2.151082,49.0469],[2.151698,49.045786],[2.152106,49.045927],[2.152943,49.044532],[2.154358,49.043939],[2.156341,49.043217],[2.156515,49.043143],[2.159782,49.041913],[2.163067,49.040664],[2.162076,49.04003],[2.161604,49.039798],[2.156979,49.036963],[2.156514,49.036608],[2.155655,49.036217],[2.151733,49.033765],[2.149236,49.032472],[2.143163,49.03005],[2.140753,49.029084],[2.139814,49.028749],[2.13971,49.028673],[2.138128,49.028041],[2.137967,49.027961],[2.137123,49.02764],[2.135558,49.027016],[2.12864,49.022873],[2.128242,49.023292],[2.127928,49.023598],[2.127777,49.023685],[2.127345,49.024055],[2.125627,49.025686],[2.12239,49.029341],[2.119118,49.026928],[2.116082,49.024614],[2.116116,49.023945],[2.11606,49.023163],[2.117023,49.021918],[2.117246,49.022084],[2.117272,49.021905],[2.119098,49.02148],[2.119229,49.021267],[2.120537,49.019829],[2.120685,49.019632],[2.120776,49.019429],[2.120469,49.018669],[2.120986,49.018101],[2.120706,49.017891],[2.120405,49.017579],[2.119966,49.01722],[2.119489,49.016897],[2.118634,49.016257],[2.118145,49.015855],[2.117697,49.015545],[2.117458,49.015333],[2.116955,49.014962],[2.116405,49.014535],[2.115871,49.014176],[2.115449,49.013858],[2.114395,49.013027],[2.113197,49.01212],[2.112597,49.011746],[2.111809,49.011237],[2.111149,49.010761],[2.110799,49.010487],[2.110594,49.010351],[2.110584,49.009885],[2.110554,49.00957],[2.110504,49.009377],[2.110232,49.008735],[2.106786,49.009309],[2.105446,49.009558],[2.104411,49.00984],[2.104029,49.00993],[2.103176,49.010163],[2.102014,49.010463],[2.101593,49.010553],[2.099835,49.010829],[2.09931,49.010917],[2.097558,49.01131],[2.096777,49.011537],[2.096278,49.01172],[2.095705,49.011877],[2.094648,49.012119],[2.094002,49.012277],[2.093155,49.012468],[2.092734,49.012551],[2.0924,49.012662],[2.091833,49.012795],[2.09078,49.013087],[2.089926,49.013332],[2.089822,49.013337],[2.089512,49.013444],[2.088403,49.013716],[2.087874,49.013862],[2.087131,49.014045],[2.084862,49.014552],[2.084587,49.013906],[2.084445,49.013499],[2.084168,49.012896],[2.083928,49.012249],[2.083641,49.011625],[2.083007,49.010158],[2.082663,49.009453],[2.082533,49.009459],[2.081996,49.009128],[2.07986,49.00808],[2.079239,49.007796],[2.078675,49.007557],[2.078397,49.007459],[2.077199,49.007124],[2.076593,49.007008],[2.076432,49.007009],[2.075601,49.006759],[2.075169,49.006673],[2.07476,49.006679],[2.07482,49.006558],[2.075025,49.005159],[2.075257,49.003911],[2.075379,49.003185],[2.075302,49.002525],[2.075287,49.002097],[2.073542,49.001733],[2.072745,49.001775],[2.071712,49.001401],[2.071862,49.001017],[2.071994,49.000522],[2.072097,48.999821],[2.072196,48.998895],[2.072175,48.998051],[2.0721,48.99764],[2.071465,48.995547],[2.071411,48.995254],[2.071428,48.994867],[2.07155,48.994175],[2.071744,48.993646],[2.071923,48.993344],[2.071158,48.993351],[2.069373,48.993275],[2.067526,48.993215],[2.066538,48.993137],[2.066585,48.992367],[2.066577,48.992072],[2.06664,48.991584],[2.067746,48.991457],[2.06758,48.990959],[2.067493,48.990572],[2.066837,48.990711],[2.066633,48.99069],[2.066473,48.990465],[2.065654,48.990572],[2.06563,48.991058],[2.062458,48.991454],[2.062765,48.992518],[2.062744,48.992772],[2.062401,48.992621],[2.062064,48.99253],[2.061651,48.992466],[2.060022,48.992434],[2.059168,48.99243],[2.058239,48.992401],[2.057803,48.992409],[2.057706,48.992479],[2.056974,48.992587],[2.056408,48.99263],[2.055235,48.992631],[2.054671,48.992591],[2.054078,48.992534],[2.053956,48.992549],[2.053364,48.992439],[2.052654,48.992227],[2.051936,48.99198],[2.051131,48.991661],[2.050616,48.991502],[2.049985,48.991267],[2.049671,48.991203],[2.048657,48.990961],[2.048014,48.990841],[2.047775,48.990776],[2.047515,48.990663],[2.047076,48.990518],[2.046557,48.99041],[2.04642,48.990512],[2.046227,48.991184],[2.046027,48.991987],[2.045959,48.992479],[2.045874,48.992957],[2.04581,48.993128],[2.045627,48.993288],[2.045449,48.993395],[2.04507,48.993714],[2.044935,48.993927],[2.04471,48.994465],[2.044692,48.994709],[2.044783,48.994971],[2.045155,48.995324],[2.045232,48.995587],[2.045115,48.996411],[2.045125,48.996661],[2.043886,48.99677],[2.042777,48.99688],[2.042471,48.996897],[2.041915,48.996872],[2.040384,48.996677],[2.039772,48.996574],[2.038605,48.996355],[2.037936,48.996215],[2.037083,48.996019],[2.036235,48.995791],[2.035987,48.995739],[2.035389,48.995558],[2.034735,48.995398],[2.03447,48.995377],[2.034077,48.99542],[2.033457,48.995542],[2.03281,48.995583],[2.031849,48.995596],[2.031336,48.995617],[2.030516,48.995673],[2.029836,48.995738],[2.029594,48.995747],[2.028582,48.995751],[2.027993,48.995763],[2.027129,48.995761],[2.026519,48.99573],[2.026068,48.995678],[2.025662,48.995656],[2.025315,48.995676],[2.024962,48.995653],[2.024616,48.995824],[2.024501,48.995943],[2.024346,48.996233],[2.023891,48.997537],[2.023847,48.997786],[2.023651,48.997946],[2.023569,48.998012],[2.021956,48.998754],[2.021202,48.999034],[2.020715,48.999198],[2.018784,48.999793],[2.017128,49.000265],[2.014504,49.001099],[2.014149,49.001169],[2.013295,49.001271],[2.012813,49.001843],[2.01266,49.00205],[2.01187,49.003586],[2.011949,49.004136],[2.011984,49.004595],[2.010137,49.005921],[2.009542,49.006368],[2.008441,49.007315],[2.007279,49.008364],[2.006702,49.008899],[2.006178,49.009359],[2.005758,49.009616],[2.005241,49.009906],[2.00486,49.010095],[2.004515,49.01019],[2.002705,49.011759],[2.002049,49.012335],[2.001451,49.012845],[1.996205,49.01739],[1.994148,49.019217],[1.993717,49.019645],[1.992191,49.021045],[1.991684,49.020999],[1.98966,49.020639],[1.989015,49.020507],[1.988154,49.020305],[1.9863,49.019849],[1.986063,49.019798],[1.983469,49.019361],[1.982683,49.019242],[1.982119,49.01918],[1.979944,49.018964],[1.979664,49.018943],[1.979164,49.018947],[1.978828,49.018975],[1.974131,49.01948],[1.973522,49.019822],[1.972522,49.020569],[1.969795,49.021391],[1.969206,49.021586],[1.969048,49.021691],[1.968823,49.021775],[1.968119,49.022116],[1.967565,49.022282],[1.967143,49.022445],[1.966853,49.022584],[1.966709,49.022744],[1.966693,49.022873],[1.965689,49.023896],[1.965394,49.02409],[1.965307,49.024211],[1.964711,49.024771],[1.964278,49.025251],[1.96406,49.025393],[1.963715,49.024959],[1.963453,49.02467],[1.963251,49.02451],[1.962722,49.024248],[1.962319,49.024079],[1.962043,49.023931],[1.961878,49.023797],[1.961759,49.023646],[1.961564,49.023263],[1.961352,49.023142],[1.960275,49.023092],[1.960114,49.02305],[1.959902,49.02294],[1.959413,49.022618],[1.959315,49.022525],[1.958704,49.02227],[1.958356,49.022175],[1.95807,49.022132],[1.95787,49.022068],[1.957316,49.021939],[1.956727,49.021824],[1.956197,49.02217],[1.955947,49.022373],[1.955418,49.022895],[1.955281,49.023263],[1.954987,49.024202],[1.9549,49.024719],[1.954857,49.024885],[1.954558,49.025428],[1.954379,49.025696],[1.958409,49.026496],[1.958594,49.027725],[1.958872,49.028041],[1.960292,49.029418],[1.960173,49.032791],[1.960277,49.03327],[1.960813,49.034629],[1.960892,49.034806],[1.961673,49.034829],[1.963479,49.034906],[1.964778,49.034892],[1.966646,49.03491],[1.968198,49.034844],[1.971937,49.034646],[1.971943,49.034758],[1.972838,49.034738],[1.973333,49.034743],[1.974274,49.034699],[1.974297,49.034648],[1.97623,49.034714],[1.976373,49.035026],[1.976663,49.03558],[1.978919,49.035704],[1.980311,49.035605],[1.981851,49.035314],[1.982437,49.035222],[1.983709,49.03478],[1.984283,49.035616],[1.984512,49.035546],[1.984505,49.035885],[1.984552,49.036448],[1.984541,49.036589],[1.984624,49.037718],[1.983605,49.037804],[1.985215,49.039321],[1.98457,49.03969],[1.984284,49.039875],[1.985402,49.042114],[1.986911,49.047181],[1.987125,49.048068],[1.987291,49.048677],[1.987476,49.049413],[1.987615,49.05002],[1.987707,49.050325],[1.988013,49.050928],[1.988191,49.051141],[1.988758,49.051667],[1.989146,49.052098],[1.989279,49.052282],[1.989535,49.052548],[1.990538,49.053685],[1.991372,49.054683],[1.992023,49.055412],[1.99216,49.055605],[1.992891,49.056743],[1.992943,49.056891],[1.993205,49.057419],[1.993755,49.058596],[1.994599,49.060457],[1.99468,49.060594],[1.992458,49.061212],[1.993097,49.061789],[1.993996,49.062638],[1.994796,49.06336],[1.995064,49.063636],[1.995956,49.064562],[1.998041,49.066447],[1.999158,49.067501],[2.003968,49.065671],[2.003895,49.065547],[2.005187,49.065107],[2.006897,49.065045],[2.008775,49.065765],[2.009351,49.065543],[2.009715,49.065767],[2.010562,49.065504],[2.011455,49.066885],[2.01169,49.066827],[2.012396,49.067852],[2.013828,49.069562],[2.01313,49.069751],[2.013043,49.070108],[2.012943,49.070616],[2.01277,49.071909],[2.01275,49.072171],[2.012759,49.072521],[2.012834,49.073079],[2.012978,49.073666],[2.012697,49.073739],[2.01296,49.074328],[2.013571,49.075448],[2.013691,49.075607],[2.014313,49.076238],[2.014822,49.076891],[2.015266,49.07758],[2.01565,49.077515],[2.016033,49.077411],[2.016447,49.077072],[2.016769,49.076855],[2.016954,49.076773],[2.017211,49.076734],[2.017379,49.076667],[2.017591,49.076526],[2.017876,49.076497],[2.018341,49.076229],[2.018869,49.075755],[2.019013,49.075651],[2.019584,49.07542],[2.019884,49.075406],[2.020407,49.075116],[2.02069,49.074994],[2.020991,49.074946],[2.021288,49.074857],[2.021847,49.074616],[2.022325,49.074429],[2.022836,49.07428],[2.023431,49.074135],[2.024202,49.074028],[2.025152,49.073951],[2.026191,49.073917],[2.026945,49.07397],[2.027318,49.074024],[2.027218,49.073859],[2.026725,49.073871],[2.026746,49.073635],[2.025482,49.073625],[2.025455,49.072932],[2.026027,49.072869],[2.026503,49.07285],[2.026341,49.072622],[2.027128,49.072469],[2.026627,49.07193],[2.026478,49.071679],[2.026367,49.071382],[2.026298,49.071115],[2.026296,49.070726],[2.026363,49.069988],[2.026361,49.069803],[2.026289,49.069558],[2.026166,49.069344],[2.025831,49.068881],[2.025604,49.068633],[2.025002,49.068208],[2.024692,49.068035],[2.0233,49.067303],[2.022478,49.066851],[2.022282,49.0667],[2.022815,49.066536],[2.024039,49.066108],[2.025554,49.065621],[2.025905,49.065528],[2.026319,49.065381],[2.02674,49.06521],[2.026997,49.06516],[2.027313,49.065057],[2.027605,49.064858],[2.027728,49.064696],[2.028003,49.064139],[2.028225,49.063801],[2.028508,49.063587],[2.028614,49.063789],[2.02889,49.064081],[2.029211,49.064507],[2.029306,49.064705],[2.029442,49.064888],[2.029603,49.065284],[2.029749,49.065499],[2.030224,49.065927],[2.030461,49.066223],[2.031125,49.066645],[2.031216,49.066766],[2.031344,49.067284],[2.031863,49.067299],[2.03446,49.065839],[2.034275,49.065491],[2.033832,49.06475],[2.033574,49.064348],[2.033095,49.063747],[2.032833,49.0635],[2.032567,49.063308],[2.033179,49.06314],[2.033964,49.062943],[2.034549,49.062743],[2.035088,49.063702],[2.035304,49.064466],[2.035509,49.064861],[2.035861,49.065475],[2.035972,49.065725],[2.036215,49.06637],[2.036361,49.066657],[2.036548,49.067124],[2.036595,49.067456],[2.036665,49.067612],[2.03689,49.067763],[2.037038,49.067742],[2.037275,49.067953],[2.037223,49.068512],[2.037274,49.068719],[2.037562,49.069174],[2.037685,49.069646],[2.037571,49.069811],[2.04012,49.072411],[2.039919,49.072575],[2.040805,49.073577],[2.041417,49.074141],[2.040894,49.07512],[2.041799,49.076073],[2.042507,49.076792],[2.042758,49.076764],[2.043898,49.079527],[2.044803,49.081227],[2.04503,49.081621],[2.045334,49.082734],[2.044515,49.082764],[2.046156,49.083158],[2.046407,49.083339],[2.047084,49.083606],[2.047695,49.08388],[2.048134,49.084031],[2.048656,49.084177],[2.048939,49.084233],[2.049629,49.084323],[2.051537,49.084487],[2.051669,49.084452],[2.052858,49.084623],[2.054499,49.084873],[2.05556,49.085115],[2.056185,49.085287],[2.057307,49.085548],[2.057996,49.085675],[2.059462,49.08587],[2.060223,49.086002],[2.06194,49.086355],[2.062269,49.086417],[2.062626,49.086429],[2.062958,49.086358],[2.063324,49.086316],[2.063614,49.086335],[2.06456,49.085659],[2.065095,49.085264],[2.066508,49.084273],[2.066676,49.084135],[2.067931,49.083038],[2.069398,49.081738],[2.071605,49.079794],[2.072455,49.079051],[2.0729,49.078639],[2.075183,49.0813],[2.078636,49.085123],[2.080163,49.084755],[2.080733,49.084649],[2.082799,49.084389],[2.083549,49.084312],[2.084152,49.08423],[2.084292,49.084211],[2.08424,49.083658],[2.085487,49.082195],[2.085652,49.082207],[2.08617,49.082363],[2.086705,49.081691],[2.086652,49.081536],[2.086665,49.08106],[2.086537,49.08038],[2.086377,49.080026],[2.086098,49.079063],[2.086082,49.07871],[2.086153,49.078401],[2.086227,49.07821],[2.08639,49.078016],[2.086616,49.07788],[2.086864,49.077658],[2.087117,49.07753],[2.087471,49.077159],[2.087319,49.077099],[2.087204,49.076592],[2.087188,49.076304],[2.087213,49.07595],[2.087138,49.075719],[2.087191,49.075374],[2.087112,49.074858],[2.087148,49.074707],[2.087247,49.074588],[2.087751,49.07346],[2.088331,49.073579],[2.089749,49.072791],[2.091086,49.072255],[2.091248,49.072712],[2.091264,49.073096],[2.091229,49.073175],[2.091566,49.073301],[2.093229,49.072827],[2.093689,49.072672],[2.093918,49.072723],[2.094131,49.072342],[2.095841,49.072169],[2.096054,49.072031],[2.09621,49.071804],[2.096493,49.071571],[2.097326,49.071231],[2.097524,49.071172],[2.098504,49.070265],[2.098723,49.070079],[2.098755,49.069957],[2.098923,49.069702],[2.099054,49.069738],[2.099661,49.069105],[2.101043,49.068135],[2.102158,49.067585],[2.104328,49.06715],[2.103334,49.066337],[2.103763,49.065325],[2.105187,49.064168],[2.105332,49.065133],[2.105627,49.065066],[2.106264,49.06446],[2.106382,49.064328],[2.106443,49.064046],[2.106437,49.063841],[2.106291,49.063495],[2.106075,49.063309],[2.105817,49.063189],[2.105064,49.062901],[2.104791,49.062877],[2.10467,49.062473],[2.104938,49.06114],[2.104758,49.060805],[2.105013,49.060373],[2.105445,49.060253],[2.105796,49.060197],[2.106235,49.060207],[2.106608,49.06],[2.10672,49.059909],[2.107064,49.059919],[2.107251,49.059771],[2.108243,49.059748],[2.109088,49.059899],[2.109138,49.060072],[2.109143,49.060291],[2.109093,49.06072],[2.108935,49.061152],[2.108802,49.061375],[2.110262,49.061139],[2.111923,49.060757],[2.112957,49.060551],[2.113634,49.061223],[2.113453,49.061341],[2.114123,49.06194],[2.11571,49.062523],[2.116052,49.062079],[2.116205,49.062024],[2.116255,49.061801],[2.116314,49.061744],[2.117274,49.06236],[2.117181,49.062511],[2.117347,49.062712],[2.117547,49.062879],[2.117788,49.06302],[2.118626,49.063207],[2.119701,49.063982],[2.120383,49.064699]]]}},{"type":"Feature","properties":{"code":"249500430","name":"CC Sausseron Impressionnistes","special":false},"geometry":{"type":"Polygon","coordinates":[[[2.127005,49.063997],[2.125934,49.064953],[2.125845,49.064898],[2.12517,49.065412],[2.125034,49.065344],[2.124828,49.065541],[2.121563,49.063935],[2.120383,49.064699],[2.119701,49.063982],[2.118626,49.063207],[2.117788,49.06302],[2.117547,49.062879],[2.117347,49.062712],[2.117181,49.062511],[2.117274,49.06236],[2.116314,49.061744],[2.116255,49.061801],[2.116205,49.062024],[2.116052,49.062079],[2.11571,49.062523],[2.114123,49.06194],[2.113453,49.061341],[2.113634,49.061223],[2.112957,49.060551],[2.111923,49.060757],[2.110262,49.061139],[2.108802,49.061375],[2.108935,49.061152],[2.109093,49.06072],[2.109143,49.060291],[2.109138,49.060072],[2.109088,49.059899],[2.108243,49.059748],[2.107251,49.059771],[2.107064,49.059919],[2.10672,49.059909],[2.106608,49.06],[2.106235,49.060207],[2.105796,49.060197],[2.105445,49.060253],[2.105013,49.060373],[2.104758,49.060805],[2.104938,49.06114],[2.10467,49.062473],[2.104791,49.062877],[2.105064,49.062901],[2.105817,49.063189],[2.106075,49.063309],[2.106291,49.063495],[2.106437,49.063841],[2.106443,49.064046],[2.106382,49.064328],[2.106264,49.06446],[2.105627,49.065066],[2.105332,49.065133],[2.105187,49.064168],[2.103763,49.065325],[2.103334,49.066337],[2.104328,49.06715],[2.102158,49.067585],[2.101043,49.068135],[2.099661,49.069105],[2.099054,49.069738],[2.098923,49.069702],[2.098755,49.069957],[2.098723,49.070079],[2.098504,49.070265],[2.097524,49.071172],[2.097326,49.071231],[2.096493,49.071571],[2.09621,49.071804],[2.096054,49.072031],[2.095841,49.072169],[2.094131,49.072342],[2.093918,49.072723],[2.093689,49.072672],[2.093229,49.072827],[2.091566,49.073301],[2.091229,49.073175],[2.091264,49.073096],[2.091248,49.072712],[2.091086,49.072255],[2.089749,49.072791],[2.088331,49.073579],[2.087751,49.07346],[2.087247,49.074588],[2.087148,49.074707],[2.087112,49.074858],[2.087191,49.075374],[2.087138,49.075719],[2.087213,49.07595],[2.087188,49.076304],[2.087204,49.076592],[2.087319,49.077099],[2.087471,49.077159],[2.087117,49.07753],[2.086864,49.077658],[2.086616,49.07788],[2.08639,49.078016],[2.086227,49.07821],[2.086153,49.078401],[2.086082,49.07871],[2.086098,49.079063],[2.086377,49.080026],[2.086537,49.08038],[2.086665,49.08106],[2.086652,49.081536],[2.086705,49.081691],[2.08617,49.082363],[2.085652,49.082207],[2.085487,49.082195],[2.08424,49.083658],[2.084292,49.084211],[2.084152,49.08423],[2.083549,49.084312],[2.082799,49.084389],[2.080733,49.084649],[2.080163,49.084755],[2.078636,49.085123],[2.075183,49.0813],[2.0729,49.078639],[2.072455,49.079051],[2.071605,49.079794],[2.069398,49.081738],[2.067931,49.083038],[2.066676,49.084135],[2.066508,49.084273],[2.065095,49.085264],[2.06456,49.085659],[2.063614,49.086335],[2.063324,49.086316],[2.062958,49.086358],[2.062626,49.086429],[2.062269,49.086417],[2.06194,49.086355],[2.060223,49.086002],[2.059462,49.08587],[2.057996,49.085675],[2.057307,49.085548],[2.056185,49.085287],[2.05556,49.085115],[2.054499,49.084873],[2.052858,49.084623],[2.051669,49.084452],[2.051537,49.084487],[2.049629,49.084323],[2.048939,49.084233],[2.048656,49.084177],[2.048134,49.084031],[2.047695,49.08388],[2.047084,49.083606],[2.046407,49.083339],[2.046156,49.083158],[2.044515,49.082764],[2.043895,49.082686],[2.044433,49.085248],[2.045053,49.086804],[2.045484,49.086765],[2.045545,49.087094],[2.045679,49.087566],[2.046003,49.087529],[2.046254,49.089423],[2.046343,49.089882],[2.047507,49.091348],[2.045844,49.091682],[2.046586,49.093312],[2.041399,49.094732],[2.042384,49.095983],[2.042963,49.095803],[2.044196,49.097465],[2.04424,49.097596],[2.043668,49.097924],[2.040853,49.098805],[2.040859,49.098943],[2.04097,49.099124],[2.039974,49.099341],[2.040105,49.099514],[2.04028,49.099904],[2.039586,49.100071],[2.039773,49.100922],[2.041284,49.101437],[2.041874,49.101722],[2.042121,49.102144],[2.04215,49.102356],[2.042117,49.102506],[2.041876,49.103126],[2.041829,49.103343],[2.041862,49.103489],[2.044196,49.108203],[2.04423,49.108287],[2.047067,49.108081],[2.047086,49.109121],[2.050155,49.109329],[2.049958,49.110761],[2.049965,49.110877],[2.049776,49.112174],[2.049633,49.113092],[2.049639,49.11322],[2.049819,49.113257],[2.050605,49.113261],[2.050376,49.11555],[2.046741,49.115526],[2.047018,49.115759],[2.047316,49.116142],[2.047517,49.116519],[2.047634,49.116832],[2.047689,49.117161],[2.047652,49.117496],[2.047472,49.1179],[2.04735,49.11809],[2.047209,49.118199],[2.047408,49.119622],[2.047438,49.120228],[2.047433,49.121588],[2.049449,49.120827],[2.05022,49.121494],[2.050022,49.121904],[2.053106,49.123172],[2.052571,49.123792],[2.054145,49.124634],[2.054006,49.124827],[2.05424,49.124996],[2.057628,49.126909],[2.058184,49.127068],[2.057884,49.127288],[2.05772,49.127485],[2.058667,49.127604],[2.058881,49.127649],[2.059249,49.127776],[2.059579,49.127997],[2.059755,49.127932],[2.060585,49.129377],[2.060977,49.129218],[2.061918,49.130899],[2.062069,49.131343],[2.062368,49.131904],[2.063953,49.131448],[2.064336,49.131666],[2.063975,49.132979],[2.064665,49.133029],[2.064673,49.134386],[2.065051,49.13481],[2.065057,49.134917],[2.064982,49.135362],[2.064803,49.135675],[2.064769,49.135968],[2.064933,49.13632],[2.065193,49.136639],[2.065537,49.136946],[2.065835,49.136984],[2.065996,49.137044],[2.066048,49.137162],[2.066319,49.137599],[2.06645,49.13814],[2.066563,49.138514],[2.066272,49.138651],[2.067005,49.139881],[2.06701,49.139932],[2.067376,49.140921],[2.067423,49.141407],[2.067524,49.141718],[2.067461,49.142399],[2.06728,49.142405],[2.06717,49.142991],[2.06745,49.143053],[2.067287,49.143125],[2.067317,49.143368],[2.067653,49.14327],[2.068938,49.143577],[2.069311,49.143653],[2.069657,49.14377],[2.070427,49.144102],[2.071248,49.144145],[2.072547,49.144009],[2.07266,49.144664],[2.073879,49.144967],[2.073933,49.144788],[2.074303,49.14494],[2.07573,49.145737],[2.075731,49.145846],[2.076524,49.145637],[2.077715,49.145499],[2.077919,49.145217],[2.078482,49.145308],[2.078967,49.145296],[2.079138,49.145337],[2.079821,49.145371],[2.079989,49.145349],[2.080305,49.145621],[2.080576,49.145494],[2.080196,49.146116],[2.080007,49.146341],[2.079971,49.146594],[2.080269,49.147024],[2.081532,49.147848],[2.083106,49.14772],[2.083323,49.147726],[2.084333,49.14769],[2.08437,49.147772],[2.084567,49.148661],[2.084849,49.148678],[2.084709,49.1493],[2.084747,49.149548],[2.084896,49.151504],[2.084907,49.151831],[2.084991,49.152607],[2.085171,49.153885],[2.085363,49.155149],[2.085386,49.155236],[2.086233,49.157709],[2.086264,49.157832],[2.087092,49.160551],[2.087199,49.161578],[2.087231,49.162589],[2.087233,49.163195],[2.083622,49.162797],[2.08279,49.16296],[2.081541,49.162792],[2.080964,49.162164],[2.08081,49.161795],[2.078772,49.16206],[2.077361,49.162071],[2.077366,49.163393],[2.075541,49.163162],[2.075411,49.163415],[2.075101,49.164179],[2.075105,49.164241],[2.074841,49.165132],[2.073115,49.167362],[2.072801,49.169801],[2.072763,49.169935],[2.075098,49.170326],[2.075464,49.171283],[2.075953,49.172433],[2.076226,49.173105],[2.07635,49.173321],[2.076795,49.174774],[2.075499,49.174621],[2.078444,49.177344],[2.081381,49.180072],[2.082709,49.181423],[2.084407,49.183136],[2.085244,49.184703],[2.085337,49.184925],[2.085447,49.185065],[2.085107,49.185289],[2.084004,49.185899],[2.085358,49.186936],[2.08606,49.187969],[2.0875,49.187746],[2.08768,49.187704],[2.088295,49.187623],[2.088897,49.1895],[2.089073,49.189981],[2.089147,49.190338],[2.089855,49.190386],[2.091487,49.19032],[2.091822,49.190318],[2.092253,49.190374],[2.0928,49.190415],[2.093327,49.190403],[2.094477,49.190217],[2.095318,49.19011],[2.09575,49.190073],[2.096771,49.189786],[2.097719,49.189173],[2.101992,49.190436],[2.10206,49.190444],[2.102465,49.189894],[2.103022,49.18908],[2.103617,49.188913],[2.105488,49.18958],[2.106706,49.190053],[2.107645,49.190229],[2.108349,49.190452],[2.108573,49.190543],[2.108884,49.190713],[2.109116,49.190925],[2.109511,49.190762],[2.109495,49.190589],[2.109556,49.190557],[2.109413,49.1901],[2.10937,49.190071],[2.109949,49.189623],[2.10996,49.189383],[2.109836,49.189176],[2.109527,49.188878],[2.1097,49.188792],[2.110059,49.188193],[2.110524,49.187467],[2.110625,49.187426],[2.111044,49.186981],[2.111738,49.18726],[2.112228,49.187391],[2.112817,49.187502],[2.112991,49.187198],[2.113337,49.186544],[2.113912,49.186674],[2.114221,49.186689],[2.11632,49.186957],[2.116355,49.186906],[2.117628,49.187241],[2.117827,49.187318],[2.117938,49.187214],[2.118513,49.187437],[2.118557,49.187399],[2.121764,49.188733],[2.122317,49.188956],[2.123047,49.189469],[2.123868,49.189911],[2.124999,49.190579],[2.125263,49.191259],[2.1255,49.191641],[2.125587,49.191737],[2.125838,49.19178],[2.12599,49.191705],[2.125487,49.192849],[2.127389,49.193221],[2.127972,49.193399],[2.127979,49.193588],[2.129588,49.192924],[2.13065,49.192527],[2.130002,49.19156],[2.131841,49.19066],[2.13522,49.191181],[2.13519,49.190719],[2.135239,49.190487],[2.135147,49.188299],[2.13627,49.183377],[2.136543,49.182379],[2.136838,49.181347],[2.136915,49.180803],[2.136903,49.180575],[2.136822,49.179987],[2.136713,49.179617],[2.136476,49.179005],[2.13804,49.178976],[2.139521,49.17894],[2.140762,49.178919],[2.14082,49.180491],[2.140871,49.181534],[2.141113,49.181513],[2.14108,49.182306],[2.141182,49.183043],[2.141263,49.183291],[2.141306,49.183567],[2.141308,49.183968],[2.141244,49.185893],[2.14178,49.186029],[2.14359,49.186825],[2.143806,49.186913],[2.145367,49.187485],[2.146204,49.187807],[2.146812,49.188021],[2.147284,49.18805],[2.148028,49.185084],[2.148047,49.185031],[2.15209,49.183562],[2.152383,49.183819],[2.153171,49.183564],[2.155761,49.18275],[2.156015,49.182846],[2.156143,49.183116],[2.156911,49.182727],[2.157417,49.182434],[2.15867,49.181804],[2.159165,49.181523],[2.159069,49.181238],[2.160047,49.180633],[2.160724,49.180147],[2.161085,49.179912],[2.161702,49.179588],[2.161811,49.179677],[2.162424,49.17955],[2.164051,49.179767],[2.16451,49.179549],[2.164638,49.179437],[2.165018,49.178924],[2.164073,49.178071],[2.163229,49.177298],[2.162635,49.176846],[2.161498,49.176004],[2.161451,49.175941],[2.160873,49.174776],[2.16084,49.174647],[2.160671,49.174373],[2.160392,49.17414],[2.159303,49.173396],[2.158312,49.172778],[2.158034,49.17263],[2.158118,49.172526],[2.158772,49.172147],[2.15913,49.171675],[2.159647,49.170871],[2.160438,49.16996],[2.161304,49.169226],[2.162032,49.16868],[2.162912,49.167403],[2.162472,49.167148],[2.162567,49.167065],[2.163829,49.166298],[2.164926,49.16596],[2.166294,49.165481],[2.168035,49.164851],[2.167889,49.16464],[2.16879,49.163947],[2.169216,49.164018],[2.169362,49.163918],[2.169821,49.164067],[2.1702,49.164254],[2.170553,49.164358],[2.170904,49.164624],[2.171052,49.164779],[2.171135,49.164969],[2.171068,49.165158],[2.171049,49.165688],[2.170836,49.16588],[2.170551,49.166258],[2.170429,49.166356],[2.170667,49.166558],[2.170894,49.166701],[2.171127,49.166961],[2.171163,49.167097],[2.171099,49.167188],[2.171244,49.167684],[2.171465,49.167858],[2.172238,49.168104],[2.173235,49.168473],[2.173637,49.168634],[2.173857,49.168766],[2.174271,49.168955],[2.174758,49.16928],[2.1751,49.169466],[2.175321,49.169535],[2.17593,49.169627],[2.176605,49.169699],[2.176815,49.169752],[2.17737,49.169969],[2.177894,49.170213],[2.178412,49.170385],[2.178734,49.170515],[2.179279,49.170824],[2.179502,49.170833],[2.179971,49.170779],[2.180904,49.170559],[2.18225,49.170381],[2.181876,49.170972],[2.181092,49.17159],[2.180867,49.172001],[2.180539,49.172259],[2.180188,49.172489],[2.179715,49.17271],[2.179867,49.173005],[2.179835,49.173214],[2.179367,49.173558],[2.178013,49.174283],[2.177247,49.174234],[2.176961,49.174326],[2.176201,49.174636],[2.175686,49.17478],[2.175379,49.174887],[2.174946,49.175004],[2.175224,49.175224],[2.175224,49.175268],[2.175758,49.175758],[2.176093,49.176032],[2.178097,49.17522],[2.178149,49.175203],[2.181953,49.173676],[2.182442,49.174414],[2.183317,49.174145],[2.183419,49.174189],[2.185616,49.173633],[2.185693,49.173655],[2.186106,49.173508],[2.186675,49.173448],[2.186825,49.173415],[2.187044,49.173187],[2.187848,49.171772],[2.188149,49.171188],[2.18851,49.170208],[2.188679,49.169925],[2.18909,49.169382],[2.190624,49.168591],[2.193039,49.168424],[2.194868,49.167455],[2.196209,49.167998],[2.197371,49.168703],[2.197938,49.168562],[2.198037,49.168518],[2.198103,49.168261],[2.19806,49.167987],[2.197451,49.16748],[2.196897,49.167059],[2.196696,49.166933],[2.195477,49.166412],[2.195074,49.166211],[2.194222,49.165722],[2.193656,49.165476],[2.192303,49.164971],[2.193876,49.16152],[2.194386,49.160995],[2.19516,49.160152],[2.195857,49.159443],[2.196489,49.15874],[2.198455,49.156646],[2.198089,49.156612],[2.195374,49.156194],[2.193247,49.155872],[2.192331,49.155741],[2.192696,49.154859],[2.19388,49.152145],[2.19412,49.151647],[2.194825,49.14997],[2.195385,49.148744],[2.195723,49.148027],[2.196394,49.146349],[2.197069,49.144767],[2.197445,49.143941],[2.197647,49.143552],[2.197376,49.143515],[2.194686,49.14298],[2.192701,49.142653],[2.190518,49.142247],[2.189928,49.14189],[2.190153,49.141715],[2.190073,49.141375],[2.189793,49.139733],[2.189607,49.139373],[2.189624,49.139163],[2.18971,49.138756],[2.189908,49.138311],[2.190032,49.137966],[2.19004,49.137865],[2.189828,49.137823],[2.18976,49.137705],[2.190069,49.136739],[2.190586,49.135992],[2.190785,49.135797],[2.191135,49.135559],[2.190799,49.135415],[2.193069,49.134693],[2.191432,49.132917],[2.194089,49.131278],[2.193628,49.130911],[2.193388,49.130752],[2.193317,49.130609],[2.193485,49.13049],[2.192865,49.130165],[2.192496,49.129923],[2.193096,49.129497],[2.193179,49.129468],[2.193157,49.129023],[2.193196,49.128895],[2.193655,49.128541],[2.193279,49.128171],[2.19281,49.127752],[2.192193,49.127255],[2.192525,49.127133],[2.192597,49.127214],[2.19349,49.12682],[2.1934,49.126736],[2.194587,49.1262],[2.195747,49.125723],[2.194176,49.124304],[2.195067,49.123844],[2.195199,49.12395],[2.196109,49.123469],[2.197568,49.121911],[2.196374,49.121228],[2.197786,49.119858],[2.197081,49.119495],[2.199434,49.118191],[2.199225,49.11794],[2.198818,49.117631],[2.197649,49.116652],[2.196391,49.115649],[2.195916,49.115261],[2.195716,49.115366],[2.195167,49.115719],[2.194925,49.11556],[2.194623,49.115723],[2.193259,49.114729],[2.192945,49.114927],[2.190876,49.114028],[2.189412,49.113366],[2.189164,49.113303],[2.188821,49.113255],[2.188431,49.113236],[2.188094,49.113126],[2.186272,49.112441],[2.185848,49.112244],[2.185449,49.112096],[2.185673,49.111978],[2.185477,49.111728],[2.185279,49.111384],[2.184748,49.110971],[2.185129,49.110685],[2.184295,49.110384],[2.183744,49.11035],[2.184185,49.11018],[2.1835,49.109767],[2.183347,49.10964],[2.183853,49.109475],[2.182448,49.109037],[2.182177,49.109159],[2.181488,49.108856],[2.181151,49.108727],[2.180905,49.108598],[2.181136,49.10834],[2.181345,49.108161],[2.18156,49.108053],[2.181888,49.107951],[2.18228,49.107802],[2.183307,49.107308],[2.183506,49.107132],[2.183627,49.106968],[2.184369,49.106912],[2.1853,49.106942],[2.185608,49.106941],[2.185615,49.106784],[2.185679,49.106704],[2.186081,49.106459],[2.186266,49.10628],[2.186293,49.106054],[2.186288,49.105667],[2.186359,49.105457],[2.186581,49.105061],[2.186688,49.104773],[2.186639,49.104503],[2.186503,49.104201],[2.186114,49.103676],[2.185636,49.102975],[2.18623,49.10289],[2.186474,49.102891],[2.186653,49.102989],[2.186924,49.103186],[2.18733,49.1034],[2.187445,49.103488],[2.187976,49.103732],[2.188552,49.104098],[2.188942,49.104482],[2.18901,49.104246],[2.189015,49.103972],[2.188896,49.103703],[2.188777,49.10329],[2.188586,49.101939],[2.188551,49.101627],[2.18867,49.101392],[2.188795,49.101254],[2.189791,49.100865],[2.190055,49.100727],[2.19053,49.100435],[2.191023,49.100177],[2.191231,49.100047],[2.191718,49.099645],[2.192634,49.09904],[2.192821,49.098887],[2.19337,49.098512],[2.193599,49.098407],[2.194184,49.097979],[2.194763,49.097597],[2.195198,49.097328],[2.196251,49.096589],[2.197194,49.095899],[2.197472,49.095714],[2.197977,49.09532],[2.198339,49.094805],[2.198478,49.09467],[2.19866,49.094622],[2.199115,49.094701],[2.199955,49.094795],[2.200092,49.094831],[2.2003,49.095093],[2.200383,49.095135],[2.200517,49.095365],[2.20071,49.0953],[2.200266,49.094786],[2.203001,49.094403],[2.203309,49.094384],[2.203198,49.093842],[2.203506,49.093889],[2.203655,49.093855],[2.203682,49.093637],[2.20426,49.09366],[2.204172,49.093489],[2.20419,49.093401],[2.204328,49.093333],[2.20448,49.093328],[2.204763,49.093501],[2.204974,49.093521],[2.205214,49.093475],[2.205294,49.093514],[2.205236,49.093715],[2.205352,49.093764],[2.20564,49.093651],[2.205862,49.093635],[2.205848,49.093493],[2.205967,49.093451],[2.206146,49.093483],[2.206274,49.093638],[2.206528,49.09365],[2.206653,49.093835],[2.206856,49.093732],[2.207014,49.093768],[2.207452,49.093948],[2.207632,49.093952],[2.207841,49.093881],[2.207945,49.093778],[2.207974,49.093577],[2.208233,49.0935],[2.208595,49.093626],[2.209246,49.093511],[2.208998,49.092683],[2.208893,49.092218],[2.208319,49.091054],[2.207126,49.088663],[2.20635,49.087078],[2.20562,49.085922],[2.205275,49.085484],[2.203883,49.084153],[2.202531,49.082693],[2.201869,49.081939],[2.201161,49.080709],[2.200381,49.079515],[2.199035,49.078043],[2.198144,49.077182],[2.196585,49.075814],[2.195461,49.074945],[2.194901,49.074601],[2.193384,49.07384],[2.191796,49.073094],[2.190837,49.072697],[2.189245,49.072226],[2.185687,49.071288],[2.184645,49.071104],[2.182076,49.070763],[2.180565,49.070506],[2.179627,49.070292],[2.17897,49.070098],[2.178306,49.069782],[2.177577,49.069332],[2.176562,49.06867],[2.173336,49.066519],[2.1707,49.064772],[2.169936,49.064384],[2.169385,49.064228],[2.168824,49.064161],[2.168275,49.064115],[2.167179,49.064173],[2.165778,49.064318],[2.164384,49.064545],[2.163477,49.064644],[2.162549,49.064667],[2.161215,49.064603],[2.158572,49.06444],[2.158094,49.064682],[2.157531,49.064886],[2.156513,49.065144],[2.154504,49.065541],[2.153707,49.065713],[2.152598,49.065986],[2.151396,49.06626],[2.150274,49.06655],[2.149502,49.06669],[2.148346,49.066834],[2.147241,49.066928],[2.146062,49.066985],[2.145213,49.067012],[2.144618,49.067007],[2.143462,49.066963],[2.142694,49.066914],[2.141997,49.066785],[2.141792,49.066665],[2.141571,49.066455],[2.140987,49.06643],[2.140378,49.066434],[2.139734,49.066473],[2.139253,49.066526],[2.138725,49.066609],[2.136972,49.066988],[2.136373,49.067084],[2.135927,49.067116],[2.135485,49.067125],[2.134699,49.0671],[2.134005,49.067029],[2.132892,49.066805],[2.132172,49.066588],[2.131595,49.066371],[2.13106,49.066122],[2.130527,49.065773],[2.129976,49.065382],[2.129207,49.064902],[2.128683,49.064662],[2.128052,49.064406],[2.127426,49.064181],[2.127005,49.063997]]]}},{"type":"Feature","properties":{"code":"249500455","name":"CC de la Vallée de l’Oise et des Trois Forêts","special":false},"geometry":{"type":"Polygon","coordinates":[[[2.20635,49.087078],[2.207126,49.088663],[2.208319,49.091054],[2.208893,49.092218],[2.208998,49.092683],[2.209246,49.093511],[2.208595,49.093626],[2.208233,49.0935],[2.207974,49.093577],[2.207945,49.093778],[2.207841,49.093881],[2.207632,49.093952],[2.207452,49.093948],[2.207014,49.093768],[2.206856,49.093732],[2.206653,49.093835],[2.206528,49.09365],[2.206274,49.093638],[2.206146,49.093483],[2.205967,49.093451],[2.205848,49.093493],[2.205862,49.093635],[2.20564,49.093651],[2.205352,49.093764],[2.205236,49.093715],[2.205294,49.093514],[2.205214,49.093475],[2.204974,49.093521],[2.204763,49.093501],[2.20448,49.093328],[2.204328,49.093333],[2.20419,49.093401],[2.204172,49.093489],[2.20426,49.09366],[2.203682,49.093637],[2.203655,49.093855],[2.203506,49.093889],[2.203198,49.093842],[2.203309,49.094384],[2.203001,49.094403],[2.200266,49.094786],[2.20071,49.0953],[2.200517,49.095365],[2.200383,49.095135],[2.2003,49.095093],[2.200092,49.094831],[2.199955,49.094795],[2.199115,49.094701],[2.19866,49.094622],[2.198478,49.09467],[2.198339,49.094805],[2.197977,49.09532],[2.197472,49.095714],[2.197194,49.095899],[2.196251,49.096589],[2.195198,49.097328],[2.194763,49.097597],[2.194184,49.097979],[2.193599,49.098407],[2.19337,49.098512],[2.192821,49.098887],[2.192634,49.09904],[2.191718,49.099645],[2.191231,49.100047],[2.191023,49.100177],[2.19053,49.100435],[2.190055,49.100727],[2.189791,49.100865],[2.188795,49.101254],[2.18867,49.101392],[2.188551,49.101627],[2.188586,49.101939],[2.188777,49.10329],[2.188896,49.103703],[2.189015,49.103972],[2.18901,49.104246],[2.188942,49.104482],[2.188552,49.104098],[2.187976,49.103732],[2.187445,49.103488],[2.18733,49.1034],[2.186924,49.103186],[2.186653,49.102989],[2.186474,49.102891],[2.18623,49.10289],[2.185636,49.102975],[2.186114,49.103676],[2.186503,49.104201],[2.186639,49.104503],[2.186688,49.104773],[2.186581,49.105061],[2.186359,49.105457],[2.186288,49.105667],[2.186293,49.106054],[2.186266,49.10628],[2.186081,49.106459],[2.185679,49.106704],[2.185615,49.106784],[2.185608,49.106941],[2.1853,49.106942],[2.184369,49.106912],[2.183627,49.106968],[2.183506,49.107132],[2.183307,49.107308],[2.18228,49.107802],[2.181888,49.107951],[2.18156,49.108053],[2.181345,49.108161],[2.181136,49.10834],[2.180905,49.108598],[2.181151,49.108727],[2.181488,49.108856],[2.182177,49.109159],[2.182448,49.109037],[2.183853,49.109475],[2.183347,49.10964],[2.1835,49.109767],[2.184185,49.11018],[2.183744,49.11035],[2.184295,49.110384],[2.185129,49.110685],[2.184748,49.110971],[2.185279,49.111384],[2.185477,49.111728],[2.185673,49.111978],[2.185449,49.112096],[2.185848,49.112244],[2.186272,49.112441],[2.188094,49.113126],[2.188431,49.113236],[2.188821,49.113255],[2.189164,49.113303],[2.189412,49.113366],[2.190876,49.114028],[2.192945,49.114927],[2.193259,49.114729],[2.194623,49.115723],[2.194925,49.11556],[2.195167,49.115719],[2.195716,49.115366],[2.195916,49.115261],[2.196391,49.115649],[2.197649,49.116652],[2.198818,49.117631],[2.199225,49.11794],[2.199434,49.118191],[2.197081,49.119495],[2.197786,49.119858],[2.196374,49.121228],[2.197568,49.121911],[2.196109,49.123469],[2.195199,49.12395],[2.195067,49.123844],[2.194176,49.124304],[2.195747,49.125723],[2.194587,49.1262],[2.1934,49.126736],[2.19349,49.12682],[2.192597,49.127214],[2.192525,49.127133],[2.192193,49.127255],[2.19281,49.127752],[2.193279,49.128171],[2.193655,49.128541],[2.193196,49.128895],[2.193157,49.129023],[2.193179,49.129468],[2.193096,49.129497],[2.192496,49.129923],[2.192865,49.130165],[2.193485,49.13049],[2.193317,49.130609],[2.193388,49.130752],[2.193628,49.130911],[2.194089,49.131278],[2.191432,49.132917],[2.193069,49.134693],[2.190799,49.135415],[2.191135,49.135559],[2.190785,49.135797],[2.190586,49.135992],[2.190069,49.136739],[2.18976,49.137705],[2.189828,49.137823],[2.19004,49.137865],[2.190032,49.137966],[2.189908,49.138311],[2.18971,49.138756],[2.189624,49.139163],[2.189607,49.139373],[2.189793,49.139733],[2.190073,49.141375],[2.190153,49.141715],[2.189928,49.14189],[2.190518,49.142247],[2.192701,49.142653],[2.194686,49.14298],[2.197376,49.143515],[2.197647,49.143552],[2.197445,49.143941],[2.197069,49.144767],[2.196394,49.146349],[2.195723,49.148027],[2.195385,49.148744],[2.194825,49.14997],[2.19412,49.151647],[2.19388,49.152145],[2.192696,49.154859],[2.192331,49.155741],[2.193247,49.155872],[2.195374,49.156194],[2.198089,49.156612],[2.198455,49.156646],[2.200561,49.154404],[2.200783,49.154193],[2.201429,49.153461],[2.20295,49.151798],[2.203007,49.151712],[2.204559,49.150026],[2.205488,49.148981],[2.20531,49.148861],[2.209649,49.145803],[2.210189,49.14523],[2.210683,49.144828],[2.210946,49.144557],[2.211333,49.144119],[2.211814,49.143456],[2.211788,49.143227],[2.211735,49.143095],[2.211772,49.142862],[2.21184,49.142683],[2.211793,49.141827],[2.211739,49.14133],[2.211765,49.14088],[2.211858,49.140627],[2.211847,49.140548],[2.212056,49.140211],[2.212132,49.139849],[2.212117,49.139708],[2.211497,49.138393],[2.211596,49.138367],[2.211156,49.137672],[2.211426,49.137346],[2.211499,49.137177],[2.211727,49.136896],[2.211931,49.1367],[2.211958,49.136065],[2.212011,49.135958],[2.212017,49.135656],[2.211843,49.135204],[2.21168,49.134853],[2.211427,49.134193],[2.211299,49.133808],[2.211296,49.133722],[2.211716,49.133485],[2.211896,49.133342],[2.212107,49.133107],[2.212158,49.132979],[2.212134,49.132823],[2.211735,49.132417],[2.211535,49.132105],[2.211459,49.13181],[2.211447,49.131373],[2.211355,49.131089],[2.212417,49.130996],[2.21246,49.130039],[2.212638,49.130231],[2.213398,49.130077],[2.213238,49.129688],[2.21422,49.129438],[2.214661,49.129288],[2.21547,49.129049],[2.215232,49.128892],[2.215004,49.12843],[2.215039,49.128126],[2.214977,49.127602],[2.214848,49.127323],[2.214585,49.126912],[2.214736,49.126711],[2.214424,49.126572],[2.213884,49.126296],[2.21313,49.125937],[2.212897,49.125798],[2.213564,49.125591],[2.213887,49.125437],[2.214392,49.125359],[2.214669,49.125225],[2.214927,49.125311],[2.21528,49.125126],[2.215541,49.125048],[2.215804,49.12493],[2.216175,49.124672],[2.216557,49.124449],[2.21726,49.123961],[2.21779,49.124509],[2.219427,49.126233],[2.219947,49.126722],[2.220413,49.127013],[2.221134,49.12726],[2.222044,49.12754],[2.224131,49.128116],[2.226389,49.128483],[2.229328,49.129232],[2.231537,49.129403],[2.232705,49.129577],[2.233529,49.129733],[2.234066,49.129968],[2.235054,49.130469],[2.235175,49.130022],[2.235716,49.129484],[2.235713,49.129301],[2.235898,49.129188],[2.23691,49.129248],[2.237789,49.129339],[2.238906,49.129547],[2.239225,49.129642],[2.239496,49.129775],[2.239851,49.129842],[2.240159,49.129845],[2.240205,49.129454],[2.240729,49.129203],[2.241659,49.129489],[2.241958,49.12937],[2.242223,49.129434],[2.242701,49.129379],[2.242881,49.129447],[2.24324,49.129411],[2.243872,49.129112],[2.244043,49.129107],[2.244357,49.129266],[2.244756,49.129259],[2.244787,49.129135],[2.245072,49.128962],[2.245396,49.128976],[2.245816,49.128829],[2.24597,49.128616],[2.24632,49.128499],[2.246585,49.128461],[2.24691,49.128288],[2.246535,49.127634],[2.248054,49.126412],[2.248475,49.126206],[2.248852,49.126105],[2.249066,49.126088],[2.249671,49.126149],[2.24989,49.12615],[2.250145,49.126107],[2.250346,49.126129],[2.251238,49.126031],[2.252002,49.126247],[2.252126,49.126429],[2.252221,49.126468],[2.252409,49.126399],[2.253146,49.126243],[2.253934,49.125868],[2.254184,49.125803],[2.254339,49.12571],[2.254964,49.125799],[2.255161,49.12565],[2.255295,49.125668],[2.255788,49.125408],[2.256096,49.125384],[2.256345,49.124835],[2.256409,49.12481],[2.25662,49.124552],[2.257223,49.124413],[2.25757,49.124466],[2.258005,49.124491],[2.258243,49.124539],[2.259125,49.124034],[2.259333,49.124008],[2.25985,49.123656],[2.260337,49.123618],[2.26086,49.123766],[2.260897,49.123993],[2.261163,49.123992],[2.261589,49.124229],[2.26235,49.124157],[2.264497,49.124898],[2.264772,49.124859],[2.267547,49.124584],[2.267876,49.124582],[2.268912,49.124335],[2.270903,49.124452],[2.271031,49.124325],[2.275274,49.124804],[2.276095,49.125146],[2.277723,49.125312],[2.27851,49.124733],[2.279428,49.125164],[2.279312,49.125735],[2.279709,49.125753],[2.279943,49.125637],[2.280056,49.125515],[2.280242,49.125596],[2.281894,49.126469],[2.282426,49.126715],[2.282614,49.126191],[2.282655,49.125983],[2.282625,49.125614],[2.282448,49.12504],[2.282199,49.124131],[2.282895,49.124428],[2.28507,49.125293],[2.286544,49.124411],[2.287077,49.12414],[2.288146,49.12368],[2.288311,49.123559],[2.289192,49.123089],[2.289343,49.122614],[2.289672,49.122597],[2.290951,49.12238],[2.291605,49.122192],[2.291926,49.122083],[2.291758,49.122446],[2.29322,49.122112],[2.293409,49.122721],[2.294515,49.122488],[2.296387,49.122134],[2.29802,49.121801],[2.30033,49.121323],[2.300882,49.121235],[2.30152,49.121102],[2.305586,49.12027],[2.30784,49.120963],[2.30992,49.121628],[2.310435,49.121785],[2.311885,49.122253],[2.313444,49.122743],[2.314568,49.123096],[2.319786,49.124781],[2.320062,49.124856],[2.319902,49.123721],[2.31972,49.122694],[2.319586,49.122195],[2.319471,49.121538],[2.319451,49.121338],[2.318849,49.118247],[2.318789,49.117685],[2.31876,49.117593],[2.318628,49.117539],[2.317344,49.116924],[2.315478,49.116069],[2.312413,49.114638],[2.310893,49.113921],[2.310504,49.113726],[2.311123,49.113324],[2.311481,49.113041],[2.311796,49.112882],[2.312297,49.112556],[2.312955,49.112085],[2.313468,49.111752],[2.313773,49.111482],[2.313946,49.111292],[2.315006,49.110054],[2.31548,49.109541],[2.315247,49.109455],[2.314494,49.109234],[2.313288,49.108965],[2.31321,49.108891],[2.312764,49.108719],[2.312448,49.108627],[2.312017,49.108393],[2.311901,49.108215],[2.311853,49.107924],[2.311763,49.107673],[2.311634,49.107423],[2.311202,49.107059],[2.310636,49.106548],[2.310502,49.106314],[2.310235,49.1061],[2.30991,49.105759],[2.309498,49.105181],[2.309224,49.104839],[2.308453,49.104163],[2.308949,49.103633],[2.308779,49.102419],[2.308982,49.102318],[2.309368,49.102013],[2.309692,49.101523],[2.309773,49.101308],[2.310115,49.100906],[2.310267,49.100644],[2.309743,49.100385],[2.308503,49.099805],[2.308826,49.099623],[2.309285,49.099438],[2.309487,49.099336],[2.309612,49.099319],[2.309826,49.099167],[2.309998,49.0991],[2.310751,49.098974],[2.310915,49.098927],[2.310994,49.098812],[2.311583,49.098454],[2.311759,49.09833],[2.31196,49.098105],[2.312222,49.097951],[2.312414,49.097886],[2.312201,49.09757],[2.312054,49.097351],[2.308052,49.098562],[2.307771,49.09899],[2.30753,49.099258],[2.307366,49.099573],[2.307312,49.100016],[2.307374,49.100156],[2.306108,49.100377],[2.306035,49.100468],[2.305915,49.100762],[2.305739,49.100896],[2.305404,49.100557],[2.303955,49.09867],[2.303272,49.098407],[2.302708,49.098016],[2.301734,49.097135],[2.301531,49.096447],[2.301425,49.096193],[2.301155,49.095872],[2.301154,49.095832],[2.301554,49.09521],[2.30217,49.094494],[2.302361,49.094552],[2.302694,49.093828],[2.302904,49.092177],[2.301177,49.091504],[2.301624,49.091262],[2.300699,49.090637],[2.298605,49.090066],[2.297846,49.08997],[2.297064,49.089781],[2.296105,49.089526],[2.293404,49.088341],[2.293728,49.087959],[2.291453,49.087738],[2.291451,49.087515],[2.291645,49.087041],[2.292012,49.086497],[2.292232,49.086133],[2.292264,49.086001],[2.291609,49.085575],[2.291175,49.085856],[2.290592,49.085355],[2.290892,49.085223],[2.290075,49.08469],[2.290345,49.084583],[2.289581,49.083687],[2.289864,49.08354],[2.288084,49.083461],[2.287499,49.083578],[2.287297,49.083651],[2.286734,49.082834],[2.286039,49.081874],[2.285282,49.080777],[2.284055,49.079082],[2.283714,49.078601],[2.283439,49.078216],[2.282513,49.076882],[2.282389,49.076757],[2.281138,49.074851],[2.28032,49.073747],[2.280172,49.073876],[2.279945,49.074006],[2.278906,49.074446],[2.278645,49.075377],[2.278443,49.075445],[2.278081,49.075488],[2.27706,49.075795],[2.275602,49.076605],[2.275334,49.076707],[2.27472,49.077023],[2.274024,49.076668],[2.273911,49.076588],[2.273706,49.076565],[2.273373,49.076445],[2.273092,49.076095],[2.27278,49.075973],[2.272193,49.075878],[2.271829,49.075763],[2.271483,49.075598],[2.270804,49.075407],[2.270386,49.075243],[2.270027,49.075082],[2.269848,49.074743],[2.26989,49.074514],[2.26971,49.074329],[2.269392,49.073007],[2.269853,49.07093],[2.270251,49.070442],[2.270963,49.069829],[2.271814,49.069249],[2.274427,49.068733],[2.274116,49.068276],[2.273844,49.067776],[2.27352,49.067013],[2.273404,49.066659],[2.273391,49.066355],[2.273453,49.066162],[2.272154,49.065798],[2.271668,49.065686],[2.271587,49.065149],[2.271447,49.064524],[2.271402,49.064202],[2.271696,49.064076],[2.272034,49.064009],[2.272451,49.064012],[2.273124,49.064177],[2.273746,49.064292],[2.274613,49.06442],[2.275348,49.064509],[2.275879,49.064628],[2.276654,49.064859],[2.27748,49.065218],[2.278127,49.065399],[2.278572,49.065477],[2.278929,49.06549],[2.279501,49.065541],[2.279894,49.065697],[2.280437,49.065828],[2.281176,49.065805],[2.281129,49.065429],[2.281167,49.065337],[2.280582,49.064354],[2.280908,49.064317],[2.280114,49.062748],[2.279703,49.062255],[2.279506,49.061919],[2.279485,49.06173],[2.279253,49.061207],[2.27915,49.060918],[2.279033,49.060703],[2.278913,49.060363],[2.278828,49.059685],[2.27888,49.059348],[2.279084,49.058782],[2.279099,49.058503],[2.279177,49.058113],[2.279184,49.057807],[2.279132,49.057091],[2.279092,49.056052],[2.279096,49.055552],[2.279044,49.055191],[2.279133,49.055048],[2.278927,49.054427],[2.278913,49.054265],[2.278984,49.053294],[2.278988,49.053057],[2.27904,49.052914],[2.279162,49.052751],[2.279409,49.052145],[2.279672,49.051628],[2.279806,49.051235],[2.27995,49.051003],[2.280267,49.050701],[2.280351,49.050562],[2.280471,49.050137],[2.280698,49.04942],[2.280717,49.049228],[2.280938,49.049266],[2.281516,49.049265],[2.281738,49.049419],[2.282182,49.049628],[2.282251,49.049801],[2.282799,49.049834],[2.283202,49.049823],[2.28356,49.049756],[2.283902,49.049631],[2.284461,49.049271],[2.284816,49.049013],[2.284615,49.0488],[2.284482,49.048554],[2.284461,49.048443],[2.284469,49.047807],[2.284492,49.047498],[2.284581,49.046736],[2.284622,49.046553],[2.284266,49.046167],[2.283975,49.04596],[2.283705,49.045662],[2.283544,49.045533],[2.283049,49.045249],[2.282398,49.044716],[2.28193,49.044374],[2.281636,49.044134],[2.281292,49.043766],[2.281041,49.043614],[2.280243,49.043217],[2.279983,49.04311],[2.279388,49.042933],[2.27921,49.042815],[2.278861,49.04265],[2.278325,49.042319],[2.278055,49.042188],[2.277653,49.042052],[2.277277,49.041955],[2.276707,49.041854],[2.275733,49.040535],[2.275198,49.039852],[2.2752,49.03981],[2.274927,49.038051],[2.274834,49.037621],[2.274817,49.037431],[2.274702,49.036746],[2.27462,49.036341],[2.273655,49.036643],[2.272395,49.037024],[2.271551,49.037312],[2.271026,49.037479],[2.270445,49.037647],[2.269603,49.037929],[2.268922,49.038122],[2.267908,49.038451],[2.266214,49.03849],[2.264385,49.038566],[2.263326,49.038631],[2.263128,49.038727],[2.262785,49.038795],[2.261956,49.039014],[2.261348,49.039159],[2.260642,49.039357],[2.259792,49.039582],[2.258189,49.040022],[2.257875,49.040115],[2.257499,49.040193],[2.257287,49.04027],[2.256965,49.040345],[2.256661,49.040446],[2.256146,49.040565],[2.255871,49.040609],[2.255386,49.040762],[2.253941,49.041152],[2.25379,49.041203],[2.253575,49.041216],[2.25292,49.04138],[2.247965,49.042672],[2.246452,49.043072],[2.245986,49.043207],[2.24523,49.043393],[2.244953,49.043475],[2.244449,49.043583],[2.244164,49.043683],[2.243452,49.043857],[2.242955,49.043991],[2.242881,49.044103],[2.242912,49.044365],[2.242499,49.044284],[2.241995,49.04427],[2.24166,49.044313],[2.241133,49.044466],[2.240826,49.044585],[2.24044,49.044776],[2.239466,49.045441],[2.239211,49.045763],[2.239047,49.046026],[2.239032,49.046234],[2.238917,49.046506],[2.238737,49.046744],[2.238093,49.047372],[2.237932,49.047565],[2.237752,49.047693],[2.237506,49.04777],[2.237368,49.047899],[2.236726,49.04841],[2.236278,49.048556],[2.234762,49.049231],[2.23454,49.049421],[2.234448,49.049541],[2.234366,49.049647],[2.23413,49.05014],[2.234091,49.05033],[2.233966,49.050454],[2.233762,49.051004],[2.232077,49.051601],[2.231984,49.051509],[2.231455,49.051736],[2.231104,49.051906],[2.230879,49.051957],[2.230707,49.052076],[2.23035,49.052263],[2.229737,49.052479],[2.229268,49.052565],[2.228912,49.052582],[2.228025,49.05276],[2.227855,49.052814],[2.227151,49.052842],[2.226878,49.052823],[2.226593,49.052753],[2.226362,49.052754],[2.226104,49.052797],[2.225077,49.053047],[2.224501,49.053226],[2.224023,49.053391],[2.223654,49.053439],[2.223128,49.053582],[2.222627,49.053662],[2.221732,49.053847],[2.221559,49.053928],[2.220916,49.053881],[2.219926,49.053865],[2.219474,49.053843],[2.218759,49.053774],[2.218322,49.054372],[2.218145,49.054369],[2.217773,49.05446],[2.21733,49.054633],[2.216962,49.054846],[2.216867,49.054935],[2.216718,49.05532],[2.216543,49.055589],[2.216387,49.055775],[2.215969,49.056129],[2.215303,49.056651],[2.214562,49.057308],[2.214075,49.057725],[2.213402,49.058268],[2.213079,49.05859],[2.212906,49.058848],[2.212695,49.059251],[2.212166,49.05894],[2.211678,49.058722],[2.211275,49.058575],[2.210859,49.058369],[2.210292,49.05801],[2.208016,49.058723],[2.207819,49.058819],[2.207446,49.059058],[2.207152,49.059195],[2.206866,49.05956],[2.206672,49.059858],[2.206507,49.060257],[2.206445,49.06069],[2.206221,49.060863],[2.205623,49.060874],[2.204752,49.060835],[2.204555,49.060814],[2.20418,49.060821],[2.203796,49.060956],[2.203731,49.061004],[2.20268,49.060337],[2.202486,49.060185],[2.202386,49.059958],[2.202279,49.058889],[2.201917,49.058539],[2.201733,49.058499],[2.201432,49.058381],[2.200971,49.058261],[2.201135,49.058094],[2.201519,49.057762],[2.201983,49.057278],[2.202117,49.056993],[2.202034,49.056682],[2.201772,49.055856],[2.201843,49.055589],[2.202092,49.055208],[2.20134,49.05485],[2.200516,49.054408],[2.199033,49.053293],[2.198473,49.052911],[2.198162,49.052635],[2.197785,49.052332],[2.197622,49.052244],[2.198635,49.051646],[2.198315,49.051418],[2.198578,49.051267],[2.197784,49.051194],[2.19686,49.051173],[2.195766,49.051157],[2.195192,49.050907],[2.195032,49.050731],[2.19426,49.050186],[2.19373,49.049946],[2.192887,49.049655],[2.192615,49.049523],[2.19222,49.049274],[2.191715,49.049033],[2.191138,49.04879],[2.190272,49.048497],[2.189437,49.048184],[2.188115,49.047716],[2.187822,49.047648],[2.187154,49.047419],[2.186774,49.047254],[2.18599,49.046867],[2.185662,49.047089],[2.185182,49.047328],[2.184719,49.047066],[2.183566,49.046568],[2.183224,49.046488],[2.182957,49.046461],[2.182315,49.046434],[2.181682,49.046464],[2.181337,49.04645],[2.180882,49.046497],[2.180484,49.046489],[2.179608,49.046438],[2.176108,49.04627],[2.176131,49.046114],[2.174476,49.044964],[2.174928,49.044488],[2.174731,49.043552],[2.17523,49.042889],[2.174613,49.042718],[2.17421,49.041222],[2.173687,49.041151],[2.173666,49.040693],[2.173575,49.040233],[2.173577,49.040084],[2.173059,49.03891],[2.173727,49.038642],[2.173447,49.03847],[2.173213,49.038287],[2.172356,49.037546],[2.171867,49.03707],[2.171334,49.03662],[2.170974,49.036293],[2.170662,49.036068],[2.170444,49.036026],[2.169826,49.035489],[2.169485,49.035154],[2.169299,49.034924],[2.168799,49.034101],[2.168702,49.033694],[2.168655,49.033193],[2.168665,49.033007],[2.16849,49.032325],[2.168313,49.031699],[2.168187,49.031456],[2.165977,49.032365],[2.16539,49.032583],[2.164567,49.032903],[2.163955,49.033196],[2.162852,49.033671],[2.161643,49.034157],[2.1608,49.034514],[2.160418,49.034647],[2.159574,49.034987],[2.158858,49.035286],[2.158247,49.035506],[2.157389,49.035776],[2.156694,49.035978],[2.156513,49.036004],[2.156029,49.036144],[2.155655,49.036217],[2.156514,49.036608],[2.156979,49.036963],[2.161604,49.039798],[2.162076,49.04003],[2.163067,49.040664],[2.159782,49.041913],[2.156515,49.043143],[2.156341,49.043217],[2.154358,49.043939],[2.152943,49.044532],[2.152106,49.045927],[2.151698,49.045786],[2.151082,49.0469],[2.150786,49.046842],[2.150777,49.046975],[2.150329,49.047528],[2.150103,49.047949],[2.149847,49.048525],[2.149459,49.048524],[2.149393,49.04877],[2.149306,49.049828],[2.15018,49.049864],[2.150452,49.049862],[2.150444,49.049944],[2.15155,49.050135],[2.151493,49.051628],[2.153372,49.051908],[2.152627,49.057009],[2.151077,49.061245],[2.150847,49.06133],[2.150579,49.061507],[2.150491,49.061597],[2.150019,49.061447],[2.149109,49.061273],[2.148607,49.061164],[2.14838,49.06166],[2.147877,49.061562],[2.147567,49.062064],[2.146793,49.061956],[2.146211,49.061971],[2.145177,49.062138],[2.145303,49.06248],[2.145388,49.062603],[2.147068,49.063733],[2.147548,49.064017],[2.14823,49.064365],[2.148783,49.064628],[2.148961,49.064758],[2.149153,49.065178],[2.149244,49.065465],[2.149285,49.065731],[2.148507,49.065901],[2.148023,49.065962],[2.147012,49.065994],[2.1462,49.065996],[2.144509,49.066028],[2.143672,49.066027],[2.142519,49.066039],[2.141873,49.0661],[2.141627,49.066275],[2.141571,49.066455],[2.141792,49.066665],[2.141997,49.066785],[2.142694,49.066914],[2.143462,49.066963],[2.144618,49.067007],[2.145213,49.067012],[2.146062,49.066985],[2.147241,49.066928],[2.148346,49.066834],[2.149502,49.06669],[2.150274,49.06655],[2.151396,49.06626],[2.152598,49.065986],[2.153707,49.065713],[2.154504,49.065541],[2.156513,49.065144],[2.157531,49.064886],[2.158094,49.064682],[2.158572,49.06444],[2.161215,49.064603],[2.162549,49.064667],[2.163477,49.064644],[2.164384,49.064545],[2.165778,49.064318],[2.167179,49.064173],[2.168275,49.064115],[2.168824,49.064161],[2.169385,49.064228],[2.169936,49.064384],[2.1707,49.064772],[2.173336,49.066519],[2.176562,49.06867],[2.177577,49.069332],[2.178306,49.069782],[2.17897,49.070098],[2.179627,49.070292],[2.180565,49.070506],[2.182076,49.070763],[2.184645,49.071104],[2.185687,49.071288],[2.189245,49.072226],[2.190837,49.072697],[2.191796,49.073094],[2.193384,49.07384],[2.194901,49.074601],[2.195461,49.074945],[2.196585,49.075814],[2.198144,49.077182],[2.199035,49.078043],[2.200381,49.079515],[2.201161,49.080709],[2.201869,49.081939],[2.202531,49.082693],[2.203883,49.084153],[2.205275,49.085484],[2.20562,49.085922],[2.20635,49.087078]]]}},{"type":"Feature","properties":{"code":"249500489","name":"CC du Haut Val d’Oise","special":false},"geometry":{"type":"Polygon","coordinates":[[[2.241315,49.151589],[2.241581,49.152179],[2.241727,49.152633],[2.241865,49.153415],[2.243544,49.153388],[2.244492,49.153397],[2.245528,49.153389],[2.246524,49.153449],[2.24727,49.153432],[2.248131,49.153451],[2.248506,49.153483],[2.24951,49.153509],[2.25036,49.153494],[2.251454,49.153242],[2.25378,49.152633],[2.2538,49.152665],[2.256302,49.154218],[2.257346,49.154889],[2.258759,49.155779],[2.259713,49.155139],[2.260081,49.155328],[2.259875,49.155411],[2.259811,49.15572],[2.259894,49.155999],[2.259857,49.156146],[2.259661,49.156353],[2.25946,49.156612],[2.25975,49.156751],[2.260785,49.157298],[2.26215,49.158381],[2.263637,49.157698],[2.264588,49.157283],[2.265666,49.156861],[2.267697,49.155927],[2.268166,49.155752],[2.268701,49.155832],[2.269254,49.155996],[2.26935,49.155997],[2.269558,49.156287],[2.269759,49.15652],[2.270039,49.156794],[2.270396,49.157028],[2.27097,49.157246],[2.271254,49.157401],[2.271574,49.157499],[2.273247,49.15792],[2.274012,49.158131],[2.274644,49.158414],[2.275424,49.158705],[2.275866,49.158808],[2.276713,49.158975],[2.278649,49.15889],[2.278725,49.15876],[2.281195,49.158855],[2.282482,49.159151],[2.282962,49.15967],[2.285518,49.159815],[2.286479,49.159873],[2.286231,49.160207],[2.28572,49.161091],[2.285477,49.161591],[2.285364,49.162032],[2.285296,49.162513],[2.285274,49.163445],[2.285199,49.163445],[2.285013,49.164809],[2.285085,49.165711],[2.286486,49.165656],[2.286415,49.165824],[2.287561,49.165885],[2.28697,49.167175],[2.288131,49.167367],[2.287871,49.167947],[2.289488,49.168037],[2.289293,49.169027],[2.289059,49.169887],[2.288806,49.17071],[2.29026,49.170744],[2.290184,49.171544],[2.292464,49.171662],[2.292452,49.17185],[2.294154,49.171713],[2.294365,49.172415],[2.294544,49.172363],[2.294819,49.173411],[2.295678,49.173327],[2.296168,49.174799],[2.296626,49.17621],[2.299516,49.175964],[2.299575,49.176557],[2.299575,49.176968],[2.299544,49.178221],[2.299638,49.178824],[2.299973,49.179795],[2.300033,49.179996],[2.300078,49.1803],[2.300104,49.181244],[2.300484,49.182427],[2.300766,49.18323],[2.301273,49.184041],[2.302394,49.184001],[2.303027,49.183993],[2.304446,49.183941],[2.30433,49.183653],[2.304792,49.183614],[2.305746,49.183429],[2.30621,49.184825],[2.306636,49.184774],[2.308228,49.184606],[2.308461,49.185405],[2.310412,49.184958],[2.310425,49.184989],[2.310451,49.185097],[2.310761,49.185936],[2.310801,49.186746],[2.313279,49.186344],[2.313205,49.185837],[2.314524,49.185685],[2.317399,49.185391],[2.319286,49.185072],[2.320918,49.184582],[2.321595,49.184372],[2.320545,49.183516],[2.319553,49.182423],[2.321255,49.181894],[2.32063,49.181287],[2.321872,49.180922],[2.321728,49.180734],[2.321945,49.180643],[2.323708,49.179943],[2.323199,49.179501],[2.323655,49.179283],[2.324298,49.179001],[2.324549,49.178928],[2.325818,49.178734],[2.325584,49.178173],[2.326037,49.177665],[2.326359,49.177587],[2.327624,49.177078],[2.327305,49.176476],[2.327683,49.176272],[2.32777,49.176339],[2.329698,49.175019],[2.331455,49.173834],[2.331361,49.173756],[2.331466,49.173669],[2.334434,49.171494],[2.335541,49.170655],[2.336012,49.170169],[2.336338,49.169883],[2.336946,49.169245],[2.338132,49.168065],[2.338419,49.167766],[2.338741,49.167469],[2.338829,49.16743],[2.339606,49.166668],[2.340347,49.165963],[2.340467,49.165864],[2.340353,49.165776],[2.341298,49.164889],[2.34595,49.162346],[2.348492,49.159627],[2.348532,49.159507],[2.350507,49.157216],[2.352667,49.155205],[2.353598,49.154487],[2.354233,49.154263],[2.353769,49.153942],[2.355354,49.153284],[2.355168,49.15282],[2.354981,49.152172],[2.35488,49.151749],[2.353424,49.151163],[2.353793,49.150852],[2.354865,49.149498],[2.355092,49.149264],[2.355462,49.149037],[2.355981,49.148686],[2.356361,49.148954],[2.357467,49.148345],[2.357569,49.148329],[2.357652,49.148455],[2.35834,49.148257],[2.357992,49.148062],[2.359343,49.147329],[2.358816,49.147006],[2.357932,49.146645],[2.356464,49.146027],[2.353828,49.145382],[2.352925,49.14527],[2.350877,49.145122],[2.349393,49.145271],[2.347124,49.145666],[2.344265,49.146109],[2.342356,49.146344],[2.34075,49.146391],[2.339493,49.146237],[2.33888,49.146052],[2.340084,49.142977],[2.340202,49.141963],[2.340871,49.139933],[2.340849,49.138762],[2.340787,49.138038],[2.340858,49.137681],[2.340973,49.136838],[2.341222,49.135464],[2.341108,49.134649],[2.341013,49.134107],[2.340915,49.133436],[2.341103,49.132118],[2.340504,49.131908],[2.339913,49.131632],[2.339243,49.130996],[2.338604,49.130174],[2.338033,49.129157],[2.337563,49.128451],[2.337395,49.128171],[2.337212,49.127695],[2.336942,49.127104],[2.33687,49.126913],[2.336708,49.126643],[2.336699,49.126483],[2.336752,49.12629],[2.336718,49.126168],[2.336592,49.125978],[2.336595,49.124549],[2.336141,49.124336],[2.336786,49.123312],[2.335575,49.122801],[2.334381,49.122267],[2.33406,49.122094],[2.333302,49.122234],[2.333164,49.122246],[2.322876,49.124302],[2.321383,49.124597],[2.320345,49.124792],[2.320062,49.124856],[2.319786,49.124781],[2.314568,49.123096],[2.313444,49.122743],[2.311885,49.122253],[2.310435,49.121785],[2.30992,49.121628],[2.30784,49.120963],[2.305586,49.12027],[2.30152,49.121102],[2.300882,49.121235],[2.30033,49.121323],[2.29802,49.121801],[2.296387,49.122134],[2.294515,49.122488],[2.293409,49.122721],[2.29322,49.122112],[2.291758,49.122446],[2.291926,49.122083],[2.291605,49.122192],[2.290951,49.12238],[2.289672,49.122597],[2.289343,49.122614],[2.289192,49.123089],[2.288311,49.123559],[2.288146,49.12368],[2.287077,49.12414],[2.286544,49.124411],[2.28507,49.125293],[2.282895,49.124428],[2.282199,49.124131],[2.282448,49.12504],[2.282625,49.125614],[2.282655,49.125983],[2.282614,49.126191],[2.282426,49.126715],[2.281894,49.126469],[2.280242,49.125596],[2.280056,49.125515],[2.279943,49.125637],[2.279709,49.125753],[2.279312,49.125735],[2.279428,49.125164],[2.27851,49.124733],[2.277723,49.125312],[2.276095,49.125146],[2.275274,49.124804],[2.271031,49.124325],[2.270903,49.124452],[2.268912,49.124335],[2.267876,49.124582],[2.267547,49.124584],[2.264772,49.124859],[2.264497,49.124898],[2.26235,49.124157],[2.261589,49.124229],[2.261163,49.123992],[2.260897,49.123993],[2.26086,49.123766],[2.260337,49.123618],[2.25985,49.123656],[2.259333,49.124008],[2.259125,49.124034],[2.258243,49.124539],[2.258005,49.124491],[2.25757,49.124466],[2.257223,49.124413],[2.25662,49.124552],[2.256409,49.12481],[2.256345,49.124835],[2.256096,49.125384],[2.255788,49.125408],[2.255295,49.125668],[2.255161,49.12565],[2.254964,49.125799],[2.254339,49.12571],[2.254184,49.125803],[2.253934,49.125868],[2.253146,49.126243],[2.252409,49.126399],[2.252221,49.126468],[2.252126,49.126429],[2.252002,49.126247],[2.251238,49.126031],[2.250346,49.126129],[2.250145,49.126107],[2.24989,49.12615],[2.249671,49.126149],[2.249066,49.126088],[2.248852,49.126105],[2.248475,49.126206],[2.248054,49.126412],[2.246535,49.127634],[2.24691,49.128288],[2.246585,49.128461],[2.24632,49.128499],[2.24597,49.128616],[2.245816,49.128829],[2.245396,49.128976],[2.245072,49.128962],[2.244787,49.129135],[2.244756,49.129259],[2.244357,49.129266],[2.244043,49.129107],[2.243872,49.129112],[2.24324,49.129411],[2.242881,49.129447],[2.242701,49.129379],[2.242223,49.129434],[2.241958,49.12937],[2.241659,49.129489],[2.240729,49.129203],[2.240205,49.129454],[2.240159,49.129845],[2.239851,49.129842],[2.239496,49.129775],[2.239225,49.129642],[2.238906,49.129547],[2.237789,49.129339],[2.23691,49.129248],[2.235898,49.129188],[2.235713,49.129301],[2.235716,49.129484],[2.235175,49.130022],[2.235054,49.130469],[2.234066,49.129968],[2.233529,49.129733],[2.232705,49.129577],[2.231537,49.129403],[2.229328,49.129232],[2.226389,49.128483],[2.224131,49.128116],[2.222044,49.12754],[2.221134,49.12726],[2.220413,49.127013],[2.219947,49.126722],[2.219427,49.126233],[2.21779,49.124509],[2.21726,49.123961],[2.216557,49.124449],[2.216175,49.124672],[2.215804,49.12493],[2.215541,49.125048],[2.21528,49.125126],[2.214927,49.125311],[2.214669,49.125225],[2.214392,49.125359],[2.213887,49.125437],[2.213564,49.125591],[2.212897,49.125798],[2.21313,49.125937],[2.213884,49.126296],[2.214424,49.126572],[2.214736,49.126711],[2.214585,49.126912],[2.214848,49.127323],[2.214977,49.127602],[2.215039,49.128126],[2.215004,49.12843],[2.215232,49.128892],[2.21547,49.129049],[2.214661,49.129288],[2.21422,49.129438],[2.213238,49.129688],[2.213398,49.130077],[2.212638,49.130231],[2.21246,49.130039],[2.212417,49.130996],[2.211355,49.131089],[2.211447,49.131373],[2.211459,49.13181],[2.211535,49.132105],[2.211735,49.132417],[2.212134,49.132823],[2.212158,49.132979],[2.212107,49.133107],[2.211896,49.133342],[2.211716,49.133485],[2.211296,49.133722],[2.211299,49.133808],[2.211427,49.134193],[2.21168,49.134853],[2.211843,49.135204],[2.212017,49.135656],[2.212011,49.135958],[2.211958,49.136065],[2.211931,49.1367],[2.211727,49.136896],[2.211499,49.137177],[2.211426,49.137346],[2.211156,49.137672],[2.211596,49.138367],[2.211497,49.138393],[2.212117,49.139708],[2.212132,49.139849],[2.212056,49.140211],[2.211847,49.140548],[2.211858,49.140627],[2.211765,49.14088],[2.211739,49.14133],[2.211793,49.141827],[2.21184,49.142683],[2.211772,49.142862],[2.211735,49.143095],[2.211788,49.143227],[2.211814,49.143456],[2.211333,49.144119],[2.210946,49.144557],[2.210683,49.144828],[2.210189,49.14523],[2.209649,49.145803],[2.20531,49.148861],[2.205488,49.148981],[2.204559,49.150026],[2.203007,49.151712],[2.20295,49.151798],[2.201429,49.153461],[2.200783,49.154193],[2.200561,49.154404],[2.198455,49.156646],[2.196489,49.15874],[2.195857,49.159443],[2.19516,49.160152],[2.194386,49.160995],[2.193876,49.16152],[2.192303,49.164971],[2.193656,49.165476],[2.194222,49.165722],[2.195074,49.166211],[2.195477,49.166412],[2.196696,49.166933],[2.196897,49.167059],[2.197451,49.16748],[2.19806,49.167987],[2.198103,49.168261],[2.198037,49.168518],[2.197938,49.168562],[2.197371,49.168703],[2.196209,49.167998],[2.194868,49.167455],[2.193039,49.168424],[2.190624,49.168591],[2.18909,49.169382],[2.188679,49.169925],[2.18851,49.170208],[2.188149,49.171188],[2.187848,49.171772],[2.187044,49.173187],[2.186825,49.173415],[2.186983,49.1734],[2.188305,49.173211],[2.188893,49.173134],[2.189055,49.173128],[2.189667,49.17321],[2.190034,49.173302],[2.19066,49.173381],[2.191647,49.173616],[2.192105,49.173646],[2.192639,49.173593],[2.193531,49.17339],[2.19433,49.173141],[2.194854,49.173089],[2.195306,49.173125],[2.195632,49.173221],[2.196011,49.173415],[2.196761,49.174037],[2.196963,49.17423],[2.197158,49.174305],[2.197649,49.174557],[2.198241,49.174832],[2.199054,49.175297],[2.199713,49.174811],[2.200788,49.174293],[2.201253,49.17415],[2.202031,49.17423],[2.202264,49.174366],[2.202355,49.174324],[2.202435,49.174082],[2.202947,49.174061],[2.203278,49.174087],[2.203786,49.174157],[2.203947,49.17421],[2.204363,49.17427],[2.20487,49.174369],[2.20632,49.174594],[2.206482,49.174645],[2.206906,49.174835],[2.207458,49.175005],[2.207731,49.175048],[2.209264,49.175462],[2.209673,49.175528],[2.210359,49.175489],[2.210707,49.175511],[2.211402,49.175613],[2.212204,49.175744],[2.213169,49.175876],[2.212079,49.176525],[2.212225,49.176616],[2.213963,49.177216],[2.213687,49.177531],[2.214484,49.177823],[2.215568,49.17824],[2.215415,49.178419],[2.216823,49.179317],[2.217488,49.179733],[2.21826,49.180384],[2.218646,49.180685],[2.218904,49.180472],[2.219253,49.180146],[2.219823,49.17959],[2.219849,49.179486],[2.220048,49.17919],[2.220817,49.178193],[2.221192,49.177644],[2.221877,49.176709],[2.222506,49.175961],[2.223773,49.173993],[2.224482,49.173713],[2.224876,49.17351],[2.225743,49.172807],[2.226005,49.172643],[2.22626,49.172537],[2.226914,49.172341],[2.227063,49.172312],[2.227767,49.172099],[2.229286,49.171577],[2.230081,49.171219],[2.231505,49.170485],[2.23177,49.17029],[2.23209,49.169918],[2.232463,49.169357],[2.233272,49.168606],[2.233682,49.168316],[2.233993,49.168038],[2.234476,49.167575],[2.234747,49.167258],[2.235385,49.166994],[2.233817,49.166523],[2.234333,49.166027],[2.23291,49.165467],[2.232999,49.165379],[2.232176,49.165022],[2.231469,49.164727],[2.231441,49.164684],[2.23001,49.164259],[2.230449,49.163768],[2.229588,49.1638],[2.229215,49.163796],[2.228669,49.163708],[2.227986,49.163534],[2.227393,49.163302],[2.226318,49.162901],[2.225007,49.162529],[2.224248,49.162382],[2.223726,49.161179],[2.223071,49.159696],[2.220083,49.157001],[2.217189,49.154425],[2.216849,49.154133],[2.216843,49.153893],[2.217209,49.153795],[2.217408,49.153768],[2.217533,49.153698],[2.218311,49.153473],[2.221128,49.152621],[2.222304,49.152257],[2.223288,49.1521],[2.225392,49.151905],[2.229304,49.151533],[2.229436,49.151536],[2.23211,49.151432],[2.232128,49.151621],[2.232002,49.151881],[2.231793,49.152431],[2.232417,49.152495],[2.232906,49.152517],[2.233179,49.15255],[2.233563,49.152662],[2.233555,49.151552],[2.23695,49.151884],[2.238595,49.151813],[2.238806,49.151984],[2.241315,49.151589]]]}},{"type":"Feature","properties":{"code":"249500513","name":"CC du Vexin-Val de Seine","special":false},"geometry":{"type":"Polygon","coordinates":[[[1.793628,49.180269],[1.793939,49.180305],[1.793502,49.182654],[1.79399,49.182733],[1.794184,49.183172],[1.794607,49.184045],[1.794848,49.184504],[1.794991,49.184822],[1.795279,49.184916],[1.795474,49.185263],[1.79701,49.185226],[1.797593,49.185209],[1.803075,49.185108],[1.80305,49.183711],[1.803089,49.183702],[1.803036,49.183071],[1.803085,49.182735],[1.803313,49.18185],[1.801209,49.181775],[1.801016,49.182294],[1.799967,49.1823],[1.800259,49.180409],[1.801578,49.180666],[1.802278,49.180786],[1.803554,49.18095],[1.803551,49.179959],[1.806285,49.180127],[1.807378,49.179947],[1.808309,49.179587],[1.810787,49.178974],[1.811603,49.17878],[1.813082,49.178339],[1.814085,49.176375],[1.814482,49.176129],[1.811297,49.174928],[1.811784,49.173972],[1.813378,49.174397],[1.813895,49.173632],[1.815958,49.173867],[1.815646,49.174948],[1.817204,49.175204],[1.817345,49.17528],[1.817316,49.175579],[1.819209,49.175884],[1.819519,49.17695],[1.82141,49.177735],[1.822171,49.178067],[1.822256,49.178125],[1.823518,49.178718],[1.825871,49.179348],[1.826488,49.179518],[1.826821,49.17965],[1.828105,49.178354],[1.829243,49.177697],[1.830765,49.177257],[1.831922,49.177345],[1.832525,49.176007],[1.834227,49.175913],[1.834919,49.176888],[1.83585,49.176413],[1.834823,49.175436],[1.834716,49.174455],[1.835514,49.174114],[1.835421,49.173964],[1.83582,49.173784],[1.836115,49.173588],[1.836304,49.173556],[1.836703,49.173404],[1.836925,49.173269],[1.837243,49.173127],[1.837452,49.172801],[1.837412,49.171726],[1.837378,49.1716],[1.836847,49.170991],[1.836521,49.170669],[1.836223,49.170428],[1.835961,49.170141],[1.835785,49.169724],[1.835738,49.169426],[1.835713,49.168773],[1.835678,49.168553],[1.835375,49.168018],[1.835123,49.167342],[1.835082,49.167072],[1.835176,49.166751],[1.835231,49.166256],[1.835182,49.166052],[1.835013,49.165774],[1.834328,49.16521],[1.834305,49.165173],[1.833785,49.164415],[1.833591,49.164173],[1.833525,49.16369],[1.833446,49.163517],[1.833114,49.163078],[1.833279,49.162925],[1.833277,49.162376],[1.832797,49.162384],[1.833395,49.161286],[1.834394,49.16134],[1.834561,49.161368],[1.834956,49.161232],[1.835118,49.160666],[1.834624,49.16058],[1.837225,49.156947],[1.83555,49.15696],[1.833879,49.152906],[1.834566,49.152898],[1.838452,49.152826],[1.838342,49.152556],[1.837168,49.149786],[1.836849,49.14893],[1.836654,49.148463],[1.836513,49.148268],[1.836366,49.14813],[1.838214,49.1476],[1.837261,49.146216],[1.841781,49.144919],[1.840843,49.14349],[1.83913,49.140897],[1.838508,49.139977],[1.838273,49.139645],[1.837521,49.13993],[1.83571,49.140673],[1.835121,49.139931],[1.834559,49.139093],[1.833535,49.139227],[1.833882,49.137891],[1.835451,49.137432],[1.835913,49.138045],[1.837806,49.137254],[1.837131,49.136668],[1.837711,49.136388],[1.836628,49.135199],[1.837721,49.134785],[1.835383,49.132322],[1.834131,49.130821],[1.835653,49.130155],[1.836623,49.129767],[1.836689,49.129612],[1.836592,49.129492],[1.83596,49.128818],[1.835089,49.127827],[1.833277,49.128329],[1.830625,49.125707],[1.830954,49.125535],[1.831276,49.124867],[1.831503,49.12443],[1.831286,49.124346],[1.831769,49.123753],[1.829514,49.1219],[1.831621,49.120069],[1.830962,49.119394],[1.830542,49.118877],[1.830021,49.118192],[1.82978,49.117975],[1.829408,49.117701],[1.82903,49.117452],[1.827608,49.116587],[1.827822,49.116489],[1.828491,49.116296],[1.829035,49.11617],[1.830867,49.11578],[1.830996,49.115778],[1.831997,49.115604],[1.832913,49.115487],[1.833504,49.115238],[1.834227,49.115073],[1.834713,49.114694],[1.835409,49.114349],[1.835383,49.114156],[1.835277,49.114049],[1.834567,49.112799],[1.834578,49.112667],[1.835124,49.112401],[1.835752,49.112157],[1.837004,49.111445],[1.83844,49.110696],[1.838863,49.110489],[1.839536,49.110198],[1.840087,49.109661],[1.840317,49.109376],[1.840914,49.108714],[1.841073,49.108632],[1.841199,49.108438],[1.840764,49.108137],[1.840744,49.10675],[1.841272,49.106712],[1.841233,49.106444],[1.841267,49.105646],[1.841762,49.105694],[1.842144,49.105755],[1.842433,49.10583],[1.842675,49.10576],[1.842841,49.105785],[1.842968,49.105714],[1.843127,49.10571],[1.84372,49.105525],[1.843667,49.105037],[1.84373,49.104284],[1.844352,49.104287],[1.844922,49.104272],[1.844197,49.103681],[1.845045,49.103396],[1.845988,49.10313],[1.846916,49.102744],[1.84748,49.102423],[1.848005,49.102041],[1.848557,49.101579],[1.847309,49.099831],[1.846844,49.100002],[1.846186,49.100203],[1.845259,49.100368],[1.844575,49.099018],[1.844132,49.098176],[1.844427,49.098072],[1.844693,49.097925],[1.844469,49.096955],[1.844908,49.096791],[1.844773,49.096611],[1.84381,49.095492],[1.844537,49.095093],[1.84473,49.094926],[1.843891,49.094002],[1.843021,49.093102],[1.842791,49.092842],[1.840989,49.091036],[1.840776,49.090854],[1.840052,49.091939],[1.839998,49.091987],[1.839144,49.090916],[1.838362,49.090016],[1.837491,49.08903],[1.836849,49.088482],[1.83599,49.087803],[1.833931,49.086277],[1.833683,49.085946],[1.833095,49.084463],[1.832727,49.083669],[1.83213,49.083241],[1.831603,49.08282],[1.830071,49.08257],[1.828942,49.082377],[1.828529,49.082318],[1.827965,49.082288],[1.825237,49.082204],[1.824161,49.082164],[1.823505,49.082155],[1.82247,49.082108],[1.821998,49.082066],[1.82057,49.081873],[1.820538,49.081785],[1.820728,49.081362],[1.821168,49.080493],[1.821734,49.079797],[1.821896,49.079432],[1.822325,49.078664],[1.822494,49.07829],[1.823426,49.076296],[1.822734,49.076293],[1.818815,49.076388],[1.817511,49.076456],[1.815213,49.076425],[1.815185,49.07632],[1.814788,49.075693],[1.814622,49.075502],[1.814375,49.075296],[1.813413,49.074769],[1.813019,49.074506],[1.812835,49.07442],[1.812414,49.074162],[1.812171,49.073988],[1.811877,49.073815],[1.810915,49.073151],[1.810792,49.073084],[1.810496,49.073028],[1.809645,49.073127],[1.808367,49.073259],[1.807891,49.073273],[1.807097,49.073166],[1.806806,49.073154],[1.806074,49.073205],[1.805492,49.073322],[1.804659,49.073598],[1.804183,49.073817],[1.803907,49.073741],[1.801667,49.073288],[1.800701,49.07306],[1.799859,49.072891],[1.798732,49.072598],[1.798197,49.072434],[1.797405,49.072236],[1.796823,49.07207],[1.797447,49.070361],[1.797633,49.06966],[1.798024,49.068319],[1.798279,49.067588],[1.798556,49.066692],[1.798808,49.066673],[1.799425,49.066669],[1.799605,49.066686],[1.799806,49.065229],[1.799894,49.06479],[1.799964,49.064326],[1.797809,49.063954],[1.79725,49.063846],[1.796498,49.06373],[1.795075,49.063366],[1.795433,49.063301],[1.795627,49.063203],[1.796506,49.062913],[1.796716,49.0628],[1.797086,49.062722],[1.797274,49.062424],[1.796496,49.062129],[1.795403,49.061732],[1.794064,49.06122],[1.7936,49.06103],[1.792626,49.060669],[1.794095,49.058861],[1.794354,49.05856],[1.791131,49.057846],[1.790925,49.057794],[1.789292,49.057895],[1.788719,49.057932],[1.785749,49.057684],[1.785855,49.057368],[1.783707,49.057217],[1.783643,49.056907],[1.783638,49.05673],[1.781736,49.056743],[1.781303,49.056683],[1.780714,49.056645],[1.779459,49.056628],[1.778429,49.05693],[1.777759,49.057113],[1.777071,49.057266],[1.776468,49.057362],[1.775925,49.057471],[1.775314,49.05763],[1.775035,49.057648],[1.774664,49.057542],[1.773331,49.057071],[1.773238,49.057028],[1.772565,49.057201],[1.771611,49.057461],[1.771237,49.057551],[1.770732,49.05765],[1.770315,49.057694],[1.769906,49.057674],[1.769555,49.057618],[1.769031,49.0575],[1.768915,49.057593],[1.768451,49.058067],[1.76817,49.058035],[1.767412,49.057887],[1.766714,49.059276],[1.765424,49.060009],[1.764875,49.059675],[1.764426,49.059291],[1.763747,49.059953],[1.762629,49.060988],[1.761658,49.061879],[1.761478,49.06274],[1.761076,49.062415],[1.759987,49.063426],[1.759912,49.063511],[1.759264,49.063088],[1.757249,49.061842],[1.756788,49.061608],[1.756105,49.061394],[1.755553,49.061125],[1.754235,49.060458],[1.753487,49.060093],[1.753729,49.059984],[1.754237,49.059703],[1.754581,49.059626],[1.754821,49.059546],[1.755138,49.059393],[1.756722,49.058506],[1.757201,49.058325],[1.757489,49.057989],[1.75386,49.056545],[1.753139,49.056032],[1.752727,49.056203],[1.749557,49.053547],[1.750558,49.050872],[1.751187,49.047971],[1.749234,49.048063],[1.749268,49.048143],[1.748,49.048444],[1.747786,49.047924],[1.747153,49.048029],[1.746179,49.048174],[1.745793,49.047527],[1.739344,49.048243],[1.73795,49.048417],[1.735493,49.048737],[1.733474,49.049598],[1.731857,49.050514],[1.731529,49.050323],[1.729953,49.049316],[1.728965,49.048657],[1.728251,49.048204],[1.726252,49.046881],[1.725674,49.046526],[1.724986,49.046067],[1.724082,49.045505],[1.722931,49.044725],[1.716732,49.049077],[1.715763,49.048517],[1.714048,49.047457],[1.70968,49.050656],[1.70768,49.052215],[1.707582,49.052163],[1.707051,49.051722],[1.706728,49.052417],[1.706423,49.051993],[1.706047,49.052133],[1.706208,49.05228],[1.704808,49.052739],[1.704924,49.052846],[1.705219,49.053236],[1.703813,49.053191],[1.703739,49.052997],[1.702831,49.053382],[1.702736,49.053287],[1.700949,49.053797],[1.699253,49.054477],[1.698816,49.054673],[1.698522,49.054709],[1.698583,49.054799],[1.697936,49.055045],[1.697134,49.055367],[1.694643,49.056062],[1.695031,49.056371],[1.693558,49.056812],[1.6939,49.057379],[1.694258,49.057862],[1.695146,49.058905],[1.695892,49.06001],[1.696176,49.060659],[1.696223,49.060876],[1.69617,49.061503],[1.696099,49.06181],[1.696043,49.062404],[1.696027,49.062831],[1.696103,49.063154],[1.696241,49.063416],[1.696461,49.063669],[1.696691,49.063979],[1.696933,49.064106],[1.697116,49.064376],[1.697288,49.064835],[1.697322,49.065182],[1.697298,49.065523],[1.697233,49.065668],[1.696985,49.065949],[1.696415,49.06641],[1.695961,49.066729],[1.695736,49.066815],[1.695571,49.066917],[1.695248,49.067593],[1.694859,49.067863],[1.694176,49.068372],[1.693036,49.069189],[1.692335,49.069617],[1.690638,49.070529],[1.690127,49.070832],[1.689274,49.071213],[1.688447,49.071537],[1.687663,49.071813],[1.687481,49.071858],[1.686616,49.072095],[1.686106,49.072272],[1.685464,49.072558],[1.685072,49.072775],[1.684579,49.073004],[1.683944,49.073317],[1.682886,49.07397],[1.682203,49.07436],[1.68122,49.0748],[1.680004,49.075473],[1.679657,49.075657],[1.679108,49.075872],[1.677931,49.076187],[1.677404,49.076302],[1.676106,49.076817],[1.675486,49.077054],[1.675127,49.077217],[1.674359,49.077598],[1.673046,49.07831],[1.672377,49.078542],[1.671465,49.078707],[1.669666,49.079009],[1.669269,49.079092],[1.668968,49.079112],[1.668616,49.079099],[1.668156,49.079046],[1.667823,49.078963],[1.667391,49.07893],[1.667047,49.078925],[1.666703,49.078978],[1.665931,49.07914],[1.664778,49.079291],[1.663966,49.079424],[1.662672,49.079759],[1.662174,49.079904],[1.661868,49.080023],[1.661325,49.080292],[1.660502,49.080813],[1.660144,49.081001],[1.659848,49.081114],[1.659525,49.081193],[1.658821,49.081288],[1.658368,49.08129],[1.657398,49.081263],[1.656542,49.081282],[1.656205,49.081339],[1.655067,49.081459],[1.653535,49.081781],[1.652687,49.081908],[1.651842,49.081936],[1.651434,49.081921],[1.650906,49.08186],[1.650092,49.081718],[1.649473,49.081572],[1.649146,49.081425],[1.64877,49.081287],[1.648501,49.081245],[1.64808,49.081303],[1.647749,49.081319],[1.647255,49.081373],[1.646764,49.081394],[1.646612,49.081477],[1.646031,49.081425],[1.645748,49.081462],[1.644886,49.081506],[1.644448,49.081562],[1.644037,49.081553],[1.643398,49.081339],[1.643065,49.081259],[1.64267,49.081192],[1.642279,49.081062],[1.641275,49.08067],[1.640192,49.080358],[1.64007,49.080162],[1.64042,49.079334],[1.640329,49.079041],[1.636131,49.079118],[1.633764,49.079185],[1.63238,49.078971],[1.630904,49.078627],[1.629496,49.07827],[1.628614,49.077993],[1.627841,49.077659],[1.627139,49.077328],[1.624812,49.076146],[1.620126,49.073834],[1.616947,49.072348],[1.615866,49.071898],[1.615432,49.071705],[1.614418,49.071189],[1.613583,49.071856],[1.612294,49.072747],[1.612798,49.073076],[1.61187,49.073565],[1.610853,49.074065],[1.609845,49.074719],[1.610356,49.075053],[1.610832,49.07542],[1.610587,49.07568],[1.610193,49.076146],[1.609672,49.076626],[1.609174,49.077193],[1.608748,49.077711],[1.610094,49.078039],[1.610062,49.078322],[1.610162,49.078633],[1.610288,49.078767],[1.610802,49.079103],[1.611518,49.079553],[1.611828,49.079797],[1.612284,49.080113],[1.612615,49.080294],[1.613063,49.080466],[1.613154,49.080274],[1.613287,49.080308],[1.613614,49.080573],[1.61399,49.080433],[1.614776,49.081213],[1.615366,49.081759],[1.615151,49.081968],[1.615347,49.082116],[1.615714,49.082336],[1.616937,49.082922],[1.618287,49.08362],[1.619185,49.084039],[1.621517,49.085155],[1.622004,49.085099],[1.622308,49.085274],[1.623409,49.086],[1.6229,49.086235],[1.619719,49.087568],[1.619169,49.08748],[1.618915,49.087459],[1.618811,49.08751],[1.619216,49.087711],[1.618621,49.08826],[1.618384,49.088586],[1.619749,49.088746],[1.619935,49.089064],[1.620318,49.089335],[1.620954,49.089612],[1.621392,49.08972],[1.621748,49.089883],[1.621805,49.089945],[1.622222,49.09024],[1.622696,49.090532],[1.623165,49.090746],[1.623232,49.090972],[1.622848,49.091043],[1.623224,49.092433],[1.623036,49.092569],[1.622993,49.092648],[1.622512,49.092774],[1.622668,49.093015],[1.622796,49.093142],[1.623135,49.093392],[1.623419,49.093529],[1.623037,49.093503],[1.622631,49.093398],[1.621944,49.093517],[1.620563,49.093664],[1.620227,49.093673],[1.620022,49.093829],[1.6199,49.09386],[1.619655,49.093674],[1.619573,49.093699],[1.619451,49.093916],[1.619318,49.093933],[1.618967,49.093826],[1.618734,49.093793],[1.618635,49.093896],[1.618395,49.093987],[1.618047,49.093926],[1.61758,49.094019],[1.617455,49.093904],[1.617132,49.093872],[1.617275,49.094059],[1.617359,49.094269],[1.617447,49.094714],[1.617451,49.095018],[1.617491,49.095222],[1.617703,49.095449],[1.617846,49.095512],[1.618444,49.095672],[1.618589,49.095792],[1.61856,49.096023],[1.61834,49.096338],[1.618286,49.096579],[1.618427,49.096879],[1.618681,49.097106],[1.619084,49.097255],[1.619529,49.097297],[1.620086,49.097267],[1.620361,49.097285],[1.620601,49.097354],[1.620762,49.097479],[1.621065,49.097836],[1.62131,49.09817],[1.621341,49.098312],[1.621314,49.09848],[1.621173,49.09879],[1.620996,49.099037],[1.620993,49.099245],[1.621408,49.099687],[1.62155,49.09993],[1.621587,49.10037],[1.621404,49.10055],[1.621384,49.100719],[1.621513,49.100776],[1.622111,49.100954],[1.622922,49.101127],[1.623701,49.101375],[1.623897,49.101512],[1.624056,49.101693],[1.624498,49.102023],[1.624729,49.102114],[1.625054,49.1022],[1.625448,49.102254],[1.626082,49.102258],[1.626453,49.102226],[1.626676,49.102233],[1.62682,49.102301],[1.627115,49.102641],[1.627276,49.102897],[1.627272,49.103099],[1.626846,49.103525],[1.626578,49.104273],[1.626583,49.104504],[1.626655,49.104708],[1.626876,49.10503],[1.627154,49.105336],[1.627562,49.105705],[1.627939,49.106282],[1.62805,49.106402],[1.628891,49.106987],[1.629444,49.107294],[1.629537,49.107397],[1.629586,49.10756],[1.629582,49.107819],[1.629418,49.108523],[1.629515,49.108941],[1.629538,49.10916],[1.629472,49.109616],[1.629577,49.109989],[1.629695,49.110165],[1.630002,49.110342],[1.630429,49.110456],[1.630704,49.110469],[1.631348,49.110445],[1.631579,49.11048],[1.631904,49.110573],[1.632203,49.110704],[1.632417,49.110757],[1.632829,49.11077],[1.632983,49.110799],[1.633084,49.110969],[1.633037,49.11116],[1.632538,49.111309],[1.63233,49.11141],[1.632199,49.111538],[1.632164,49.111678],[1.632187,49.111842],[1.632287,49.112034],[1.632482,49.112177],[1.63279,49.112286],[1.633697,49.112491],[1.634095,49.112656],[1.634276,49.112765],[1.634366,49.112898],[1.634531,49.113583],[1.634619,49.113825],[1.634718,49.113984],[1.634916,49.114106],[1.635356,49.114251],[1.635574,49.114246],[1.635789,49.114302],[1.63607,49.114463],[1.636441,49.114762],[1.636847,49.114999],[1.637485,49.115277],[1.637949,49.11557],[1.638877,49.116067],[1.639059,49.116114],[1.639474,49.116395],[1.639686,49.116654],[1.63985,49.116809],[1.640033,49.116831],[1.640195,49.116696],[1.640223,49.116438],[1.640275,49.116275],[1.640401,49.116187],[1.640677,49.116162],[1.641435,49.116232],[1.641809,49.116306],[1.642175,49.116445],[1.642415,49.1166],[1.642596,49.116814],[1.642727,49.117018],[1.642814,49.11732],[1.642987,49.117474],[1.643399,49.117772],[1.643797,49.11801],[1.644219,49.11821],[1.644449,49.118562],[1.644513,49.118715],[1.644535,49.118978],[1.645083,49.119694],[1.645165,49.119859],[1.645133,49.120424],[1.645204,49.120582],[1.645486,49.120765],[1.646174,49.121113],[1.646513,49.121312],[1.646612,49.121406],[1.646667,49.121588],[1.64669,49.121829],[1.646683,49.122228],[1.64663,49.122468],[1.646432,49.122862],[1.646342,49.123345],[1.64642,49.123738],[1.64665,49.124091],[1.647003,49.124465],[1.647176,49.124591],[1.647358,49.124659],[1.648192,49.124779],[1.6488,49.124848],[1.649458,49.124906],[1.649633,49.124962],[1.649807,49.125068],[1.649931,49.125194],[1.650022,49.125814],[1.650065,49.126318],[1.650182,49.126867],[1.65028,49.127059],[1.650436,49.127201],[1.650627,49.127302],[1.651226,49.127394],[1.651986,49.127426],[1.652253,49.127471],[1.652551,49.12762],[1.652747,49.12794],[1.652787,49.12806],[1.652652,49.128733],[1.652671,49.129209],[1.65271,49.129352],[1.65305,49.129513],[1.654898,49.129896],[1.655491,49.129917],[1.655673,49.12996],[1.655761,49.130198],[1.655734,49.130471],[1.655648,49.130762],[1.655658,49.131079],[1.655987,49.131321],[1.656271,49.131422],[1.656621,49.1315],[1.657095,49.13158],[1.65742,49.131598],[1.657718,49.131775],[1.657848,49.131941],[1.657876,49.132461],[1.657858,49.133096],[1.657033,49.133644],[1.656881,49.133797],[1.656786,49.133949],[1.657203,49.134587],[1.657377,49.134627],[1.65784,49.134558],[1.658047,49.134581],[1.658212,49.134665],[1.658327,49.134824],[1.65836,49.134951],[1.658322,49.135191],[1.658196,49.135311],[1.657584,49.135587],[1.657475,49.135657],[1.657385,49.135848],[1.657403,49.136383],[1.657336,49.136629],[1.657215,49.136866],[1.656846,49.137368],[1.656672,49.137572],[1.655012,49.13744],[1.654745,49.137324],[1.654687,49.137231],[1.654602,49.136699],[1.654076,49.136638],[1.653979,49.136215],[1.653778,49.135657],[1.653425,49.13493],[1.652655,49.135002],[1.652879,49.135971],[1.653061,49.13665],[1.65315,49.13693],[1.653004,49.137422],[1.65302,49.137722],[1.652826,49.137703],[1.652959,49.138224],[1.651481,49.138081],[1.651421,49.138748],[1.652925,49.139524],[1.652556,49.14034],[1.652406,49.140703],[1.652272,49.141129],[1.652406,49.141128],[1.652478,49.141331],[1.652579,49.141492],[1.652664,49.141483],[1.652945,49.141973],[1.653167,49.142499],[1.653218,49.142735],[1.653216,49.142937],[1.65301,49.143595],[1.652981,49.144046],[1.652973,49.144678],[1.653059,49.144873],[1.653133,49.14493],[1.654017,49.145093],[1.654429,49.145326],[1.654545,49.145699],[1.654461,49.146201],[1.65446,49.146331],[1.654599,49.146561],[1.654782,49.146769],[1.65514,49.147009],[1.655694,49.147198],[1.6559,49.147343],[1.656071,49.147617],[1.656012,49.147947],[1.655844,49.148182],[1.65583,49.14847],[1.656025,49.14862],[1.656189,49.148651],[1.657107,49.148642],[1.657513,49.148659],[1.657773,49.148704],[1.658133,49.148827],[1.658339,49.148936],[1.658501,49.149095],[1.658786,49.149814],[1.659238,49.151173],[1.659475,49.151489],[1.659606,49.151555],[1.660171,49.151752],[1.660399,49.151861],[1.661149,49.152289],[1.661421,49.152347],[1.662097,49.152438],[1.662709,49.152534],[1.663558,49.152899],[1.664101,49.153167],[1.664274,49.153268],[1.664457,49.153428],[1.664444,49.153607],[1.664277,49.153872],[1.664066,49.15414],[1.663777,49.154506],[1.663664,49.154751],[1.66344,49.155086],[1.662842,49.155563],[1.662577,49.155828],[1.662157,49.156069],[1.661588,49.156504],[1.661026,49.156816],[1.660707,49.157025],[1.660601,49.157154],[1.660581,49.157308],[1.660699,49.157592],[1.661298,49.158113],[1.661642,49.158548],[1.661821,49.158686],[1.662192,49.158825],[1.662675,49.159052],[1.662945,49.159259],[1.662999,49.159374],[1.663072,49.159977],[1.663079,49.160228],[1.663045,49.160806],[1.663097,49.160992],[1.66332,49.161429],[1.663575,49.161695],[1.664046,49.162426],[1.664236,49.162915],[1.664251,49.163016],[1.664266,49.163924],[1.664231,49.16449],[1.66422,49.16497],[1.664268,49.165175],[1.66457,49.165521],[1.664643,49.165787],[1.664759,49.166035],[1.664965,49.166152],[1.665812,49.166339],[1.666115,49.166446],[1.666219,49.166565],[1.666384,49.166874],[1.666555,49.167097],[1.666708,49.167194],[1.667182,49.167315],[1.667447,49.167605],[1.667608,49.167863],[1.667726,49.167972],[1.668053,49.168085],[1.668378,49.168141],[1.668643,49.168248],[1.668687,49.16832],[1.668726,49.168675],[1.668784,49.168792],[1.669085,49.168963],[1.669506,49.169141],[1.670145,49.169437],[1.670241,49.169534],[1.670267,49.169811],[1.670174,49.170141],[1.669756,49.170499],[1.669163,49.170893],[1.668908,49.171173],[1.668741,49.171469],[1.668754,49.171658],[1.668708,49.172154],[1.66867,49.172269],[1.668482,49.172487],[1.668444,49.172627],[1.668369,49.173167],[1.668309,49.173259],[1.667843,49.173693],[1.667563,49.174062],[1.667126,49.174578],[1.666776,49.174766],[1.666588,49.174973],[1.666481,49.17524],[1.666336,49.175482],[1.666296,49.17571],[1.666309,49.175895],[1.666402,49.176143],[1.666245,49.176312],[1.66609,49.176748],[1.666163,49.176905],[1.666676,49.177239],[1.667267,49.177426],[1.667486,49.177606],[1.667544,49.177729],[1.667535,49.177865],[1.667449,49.178126],[1.667298,49.178384],[1.66705,49.178615],[1.666951,49.178756],[1.666935,49.178911],[1.667078,49.179324],[1.667187,49.179476],[1.667444,49.179671],[1.667687,49.17974],[1.668056,49.179787],[1.668695,49.179776],[1.668962,49.179792],[1.669035,49.17987],[1.669118,49.180313],[1.669409,49.180484],[1.669689,49.180514],[1.669947,49.180631],[1.670195,49.18062],[1.670804,49.180478],[1.671127,49.180251],[1.671372,49.18021],[1.671599,49.180395],[1.671662,49.180619],[1.671621,49.180751],[1.67162,49.180954],[1.671715,49.18112],[1.671532,49.181513],[1.671321,49.181817],[1.670944,49.18217],[1.670839,49.182359],[1.670817,49.182849],[1.670737,49.183257],[1.670662,49.183392],[1.670681,49.183606],[1.670823,49.184059],[1.67085,49.184296],[1.67081,49.184472],[1.670458,49.184814],[1.670137,49.184919],[1.669655,49.184979],[1.669503,49.185139],[1.669411,49.185478],[1.669267,49.185736],[1.669195,49.186094],[1.669047,49.186667],[1.669026,49.187089],[1.669184,49.187459],[1.669424,49.187791],[1.669728,49.188066],[1.66975,49.188286],[1.669876,49.188721],[1.670544,49.189911],[1.67069,49.190092],[1.671063,49.190487],[1.671178,49.190755],[1.671446,49.191223],[1.671496,49.191359],[1.671441,49.191621],[1.671152,49.192086],[1.67112,49.192242],[1.671147,49.192489],[1.671122,49.192708],[1.670635,49.193089],[1.670527,49.193277],[1.670541,49.193375],[1.670914,49.19381],[1.671457,49.194245],[1.671815,49.194513],[1.672653,49.195117],[1.673005,49.195348],[1.673352,49.195533],[1.6738,49.195813],[1.674057,49.196024],[1.674801,49.196848],[1.675106,49.197429],[1.675193,49.197637],[1.675254,49.197983],[1.675195,49.198469],[1.675295,49.198785],[1.675648,49.199299],[1.676095,49.199899],[1.676262,49.200145],[1.676376,49.200456],[1.676479,49.201195],[1.676485,49.20192],[1.676528,49.202077],[1.676793,49.202376],[1.676892,49.202532],[1.676901,49.202664],[1.676749,49.20303],[1.676621,49.203586],[1.676484,49.203834],[1.675062,49.204042],[1.674968,49.204066],[1.674761,49.20417],[1.674451,49.204431],[1.674017,49.204688],[1.673815,49.205037],[1.673667,49.205143],[1.673298,49.205225],[1.673156,49.20541],[1.673205,49.205704],[1.673164,49.20589],[1.673207,49.206108],[1.673187,49.206245],[1.672995,49.206332],[1.672387,49.206302],[1.672206,49.206338],[1.672163,49.206457],[1.672247,49.206613],[1.672775,49.207129],[1.672918,49.207623],[1.673086,49.207899],[1.673447,49.208253],[1.674188,49.208832],[1.674174,49.208964],[1.674026,49.209126],[1.673819,49.209268],[1.673758,49.209404],[1.673884,49.209709],[1.674431,49.210386],[1.674515,49.210578],[1.674448,49.210788],[1.674142,49.211136],[1.674072,49.21129],[1.674049,49.211575],[1.673966,49.211898],[1.674189,49.211921],[1.674481,49.211692],[1.674846,49.211669],[1.675415,49.21178],[1.675769,49.211891],[1.676151,49.211868],[1.676493,49.21178],[1.676893,49.211808],[1.677006,49.21188],[1.677015,49.212017],[1.676929,49.212137],[1.676395,49.212518],[1.676424,49.212705],[1.676635,49.212815],[1.676955,49.212836],[1.677306,49.212817],[1.677473,49.212835],[1.677552,49.212919],[1.677538,49.213023],[1.677361,49.213305],[1.677353,49.21355],[1.677523,49.21363],[1.678268,49.213799],[1.678763,49.21395],[1.679179,49.214113],[1.679828,49.21433],[1.680403,49.21468],[1.680787,49.214849],[1.681121,49.215048],[1.681776,49.215675],[1.682456,49.216201],[1.682743,49.216329],[1.683008,49.216401],[1.683741,49.216516],[1.684295,49.216519],[1.68467,49.216577],[1.684789,49.21664],[1.684931,49.216807],[1.685177,49.217227],[1.685486,49.217687],[1.685653,49.217853],[1.68607,49.218148],[1.686442,49.218276],[1.686815,49.21835],[1.687705,49.218434],[1.68837,49.218438],[1.688585,49.21855],[1.688675,49.219],[1.688792,49.219269],[1.688945,49.219499],[1.689506,49.220007],[1.689944,49.220603],[1.690076,49.220698],[1.690855,49.221002],[1.691071,49.221129],[1.691141,49.221233],[1.691103,49.221414],[1.690919,49.221619],[1.690882,49.221721],[1.690852,49.222163],[1.690798,49.222613],[1.690865,49.222984],[1.690924,49.223095],[1.69127,49.223404],[1.691653,49.223588],[1.692194,49.223757],[1.69254,49.223894],[1.692951,49.223951],[1.693818,49.223996],[1.694745,49.22416],[1.695453,49.224273],[1.695949,49.224339],[1.696405,49.224437],[1.6969,49.224368],[1.697154,49.224283],[1.697675,49.224041],[1.697929,49.224042],[1.698181,49.224171],[1.698477,49.224512],[1.698678,49.224868],[1.698708,49.225358],[1.698665,49.225863],[1.698686,49.22606],[1.698757,49.226187],[1.698888,49.22629],[1.699499,49.226539],[1.699776,49.226667],[1.700027,49.226849],[1.700242,49.227041],[1.700886,49.227534],[1.701437,49.227718],[1.701823,49.227824],[1.702255,49.228015],[1.702779,49.228499],[1.703017,49.228659],[1.703245,49.228746],[1.703859,49.228845],[1.703989,49.229036],[1.704013,49.22928],[1.703823,49.229535],[1.703593,49.229618],[1.703091,49.229742],[1.702835,49.229937],[1.702912,49.230063],[1.703614,49.230293],[1.703811,49.230436],[1.703796,49.230623],[1.703612,49.230716],[1.702826,49.230915],[1.702598,49.231013],[1.702508,49.23116],[1.702589,49.231366],[1.702816,49.231486],[1.7034,49.231708],[1.703615,49.231848],[1.70402,49.231958],[1.704307,49.23207],[1.704458,49.232184],[1.704447,49.23231],[1.70435,49.232434],[1.704742,49.232922],[1.704982,49.232956],[1.705097,49.233214],[1.705191,49.233674],[1.705121,49.2338],[1.704876,49.233863],[1.704919,49.234025],[1.705151,49.234109],[1.705281,49.23425],[1.705253,49.234375],[1.706361,49.234231],[1.706669,49.234731],[1.706921,49.235635],[1.707052,49.235806],[1.708245,49.235837],[1.708348,49.235921],[1.708698,49.237122],[1.709151,49.237738],[1.709328,49.238031],[1.709637,49.238667],[1.70971,49.239083],[1.709738,49.239646],[1.70974,49.240256],[1.709672,49.240496],[1.70936,49.241348],[1.70939,49.241488],[1.711497,49.241339],[1.712587,49.24125],[1.712656,49.240665],[1.712669,49.240431],[1.712629,49.240178],[1.712425,49.239345],[1.71237,49.239019],[1.712642,49.238388],[1.713226,49.236932],[1.71321,49.236739],[1.713062,49.236075],[1.713044,49.235862],[1.713169,49.235391],[1.71319,49.235056],[1.713157,49.234786],[1.712885,49.234358],[1.712687,49.234406],[1.71227,49.23361],[1.712171,49.233298],[1.712115,49.23302],[1.712254,49.232997],[1.713256,49.233023],[1.713265,49.232818],[1.713602,49.232789],[1.713775,49.232683],[1.714341,49.232615],[1.714862,49.233024],[1.715298,49.233391],[1.716389,49.233015],[1.718,49.232441],[1.718429,49.232301],[1.719974,49.23175],[1.721184,49.231329],[1.721834,49.23108],[1.723504,49.230507],[1.723685,49.230463],[1.72549,49.230126],[1.725341,49.22983],[1.727458,49.229513],[1.729662,49.229197],[1.730381,49.228932],[1.732147,49.228119],[1.733205,49.226709],[1.733277,49.226541],[1.734826,49.226442],[1.734813,49.226292],[1.736212,49.226277],[1.736202,49.225358],[1.737983,49.225392],[1.737974,49.224959],[1.738371,49.224058],[1.740441,49.224283],[1.740459,49.223669],[1.738836,49.223172],[1.736835,49.222581],[1.735907,49.222294],[1.735163,49.221904],[1.734109,49.221277],[1.734848,49.218847],[1.735075,49.218055],[1.73568,49.216086],[1.73502,49.215988],[1.732263,49.215634],[1.733481,49.211605],[1.733682,49.210959],[1.731604,49.210583],[1.729891,49.210284],[1.730141,49.209656],[1.729369,49.209666],[1.729352,49.209746],[1.728566,49.209728],[1.724067,49.209674],[1.723005,49.209667],[1.722872,49.209679],[1.721981,49.210009],[1.721506,49.209154],[1.720219,49.206809],[1.719805,49.206936],[1.715981,49.207337],[1.714868,49.207444],[1.715991,49.204334],[1.715996,49.204289],[1.715829,49.203592],[1.715833,49.20318],[1.715794,49.203008],[1.71569,49.202827],[1.715526,49.202663],[1.716737,49.202736],[1.71841,49.202785],[1.718869,49.202188],[1.71989,49.20154],[1.720293,49.201995],[1.720464,49.202133],[1.720913,49.202384],[1.72112,49.202454],[1.721497,49.202519],[1.721787,49.202534],[1.72208,49.202503],[1.722195,49.20196],[1.722347,49.201501],[1.722786,49.20143],[1.722527,49.20097],[1.72433,49.200702],[1.725052,49.200779],[1.725242,49.199898],[1.724813,49.199871],[1.725596,49.196477],[1.72571,49.196106],[1.725811,49.195458],[1.72581,49.194627],[1.725867,49.194328],[1.725879,49.194169],[1.726876,49.19413],[1.72682,49.194958],[1.727805,49.195071],[1.727861,49.195045],[1.729134,49.195219],[1.729782,49.194815],[1.729986,49.194711],[1.730138,49.194705],[1.730635,49.194765],[1.731085,49.194952],[1.731573,49.195081],[1.732109,49.195186],[1.732548,49.195202],[1.73295,49.195182],[1.733711,49.195093],[1.734592,49.19503],[1.735081,49.195053],[1.735903,49.195009],[1.73681,49.194893],[1.737268,49.19479],[1.737287,49.194458],[1.737269,49.194128],[1.737157,49.193787],[1.736967,49.193443],[1.736656,49.193053],[1.736445,49.19283],[1.73989,49.192075],[1.739594,49.191223],[1.739442,49.190622],[1.740461,49.190554],[1.740578,49.1894],[1.740251,49.188334],[1.741089,49.188369],[1.741026,49.187604],[1.741003,49.185673],[1.743643,49.183782],[1.744287,49.183307],[1.740794,49.181233],[1.740102,49.18081],[1.742396,49.17984],[1.75093,49.176238],[1.751845,49.175805],[1.752362,49.175469],[1.753181,49.175322],[1.754858,49.174591],[1.757768,49.175907],[1.759353,49.176607],[1.761933,49.177779],[1.765001,49.179156],[1.765933,49.179581],[1.766951,49.180033],[1.767169,49.180091],[1.768815,49.180777],[1.76997,49.181265],[1.772088,49.182138],[1.776864,49.18415],[1.776392,49.184883],[1.77696,49.185004],[1.777522,49.184027],[1.779227,49.184227],[1.779145,49.184337],[1.7809,49.184543],[1.780929,49.184324],[1.782558,49.184906],[1.782976,49.185038],[1.784149,49.185511],[1.784799,49.185816],[1.785096,49.185567],[1.786702,49.184164],[1.786369,49.183079],[1.787701,49.182259],[1.788631,49.181487],[1.789704,49.18179],[1.790945,49.179969],[1.792833,49.180177],[1.793628,49.180269]]]}},{"type":"Feature","properties":{"code":"special-95018","name":"Argenteuil","special":true},"geometry":{"type":"Polygon","coordinates":[[[2.23114,48.92773],[2.22802,48.93015],[2.2255,48.92925],[2.22187,48.9346],[2.21955,48.93479],[2.21722,48.93572],[2.2164,48.93698],[2.21046,48.93796],[2.21032,48.93886],[2.20692,48.93944],[2.20609,48.94066],[2.20528,48.9414],[2.20621,48.94551],[2.20586,48.94974],[2.20537,48.95495],[2.20345,48.95639],[2.20979,48.96345],[2.21147,48.96473],[2.21354,48.96369],[2.2166,48.96661],[2.2185,48.96901],[2.2204,48.97002],[2.22285,48.97247],[2.22574,48.97102],[2.2291,48.97058],[2.23163,48.96775],[2.23579,48.96824],[2.24278,48.96657],[2.24349,48.96721],[2.24942,48.96534],[2.24898,48.96385],[2.25901,48.96345],[2.2638,48.96196],[2.26505,48.96299],[2.26779,48.96317],[2.26844,48.96386],[2.27302,48.96432],[2.27462,48.96414],[2.27617,48.96411],[2.2765,48.962],[2.27897,48.96186],[2.27986,48.9599],[2.28271,48.95996],[2.28312,48.95907],[2.28812,48.95974],[2.28846,48.95897],[2.28825,48.95835],[2.29228,48.95139],[2.29097,48.95097],[2.28171,48.94975],[2.26872,48.94658],[2.26084,48.94344],[2.25776,48.94184],[2.25559,48.9402],[2.2476,48.93674],[2.24177,48.9329],[2.23672,48.9307],[2.23114,48.92773]]]}},{"type":"Feature","properties":{"code":"special-95063","name":"Bezons","special":true},"geometry":{"type":"Polygon","coordinates":[[[2.20059,48.90868],[2.19825,48.912],[2.2037,48.91439],[2.20048,48.91825],[2.19919,48.91897],[2.20198,48.92073],[2.20546,48.92213],[2.20394,48.92505],[2.20387,48.92784],[2.201,48.93165],[2.19893,48.93525],[2.20077,48.93606],[2.20146,48.93772],[2.20282,48.93778],[2.20268,48.93985],[2.20609,48.94066],[2.20692,48.93944],[2.21032,48.93886],[2.21046,48.93796],[2.2164,48.93698],[2.21722,48.93572],[2.21955,48.93479],[2.22187,48.9346],[2.2255,48.92925],[2.22802,48.93015],[2.23114,48.92773],[2.2204,48.92062],[2.21501,48.91711],[2.21163,48.9143],[2.20615,48.91093],[2.20059,48.90868]]]}}]}